internal_project_id,project_code,legacy_ocms_code,pmgid,mapping_method,mapping_confidence
PAI-00001,PAI26-100000,OCMS-2018-10000,PMG-50000,EXACT_SYNTHETIC_ID_MAP,1.0
PAI-00002,PAI26-100001,OCMS-2019-10001,PMG-50001,EXACT_SYNTHETIC_ID_MAP,1.0
PAI-00003,PAI26-100002,OCMS-2020-10002,PMG-50002,EXACT_SYNTHETIC_ID_MAP,1.0
PAI-00004,PAI26-100003,OCMS-2021-10003,PMG-50003,EXACT_SYNTHETIC_ID_MAP,1.0
PAI-00005,PAI26-100004,OCMS-2022-10004,PMG-50004,EXACT_SYNTHETIC_ID_MAP,1.0
PAI-00006,PAI26-100005,OCMS-2023-10005,PMG-50005,EXACT_SYNTHETIC_ID_MAP,1.0
PAI-00007,PAI26-100006,OCMS-2024-10006,PMG-50006,EXACT_SYNTHETIC_ID_MAP,1.0
PAI-00008,PAI26-100007,OCMS-2018-10007,PMG-50007,EXACT_SYNTHETIC_ID_MAP,1.0
PAI-00009,PAI26-100008,OCMS-2019-10008,PMG-50008,EXACT_SYNTHETIC_ID_MAP,1.0
PAI-00010,PAI26-100009,OCMS-2020-10009,PMG-50009,EXACT_SYNTHETIC_ID_MAP,1.0
PAI-00011,PAI26-100010,OCMS-2021-10010,PMG-50010,EXACT_SYNTHETIC_ID_MAP,1.0
PAI-00012,PAI26-100011,OCMS-2022-10011,PMG-50011,EXACT_SYNTHETIC_ID_MAP,1.0
PAI-00013,PAI26-100012,OCMS-2023-10012,PMG-50012,EXACT_SYNTHETIC_ID_MAP,1.0
PAI-00014,PAI26-100013,OCMS-2024-10013,PMG-50013,EXACT_SYNTHETIC_ID_MAP,1.0
PAI-00015,PAI26-100014,OCMS-2018-10014,PMG-50014,EXACT_SYNTHETIC_ID_MAP,1.0
PAI-00016,PAI26-100015,OCMS-2019-10015,PMG-50015,EXACT_SYNTHETIC_ID_MAP,1.0
PAI-00017,PAI26-100016,OCMS-2020-10016,PMG-50016,EXACT_SYNTHETIC_ID_MAP,1.0
PAI-00018,PAI26-100017,OCMS-2021-10017,PMG-50017,EXACT_SYNTHETIC_ID_MAP,1.0
PAI-00019,PAI26-100018,OCMS-2022-10018,PMG-50018,EXACT_SYNTHETIC_ID_MAP,1.0
PAI-00020,PAI26-100019,OCMS-2023-10019,PMG-50019,EXACT_SYNTHETIC_ID_MAP,1.0
PAI-00021,PAI26-100020,OCMS-2024-10020,PMG-50020,EXACT_SYNTHETIC_ID_MAP,1.0
PAI-00022,PAI26-100021,OCMS-2018-10021,PMG-50021,EXACT_SYNTHETIC_ID_MAP,1.0
PAI-00023,PAI26-100022,OCMS-2019-10022,PMG-50022,EXACT_SYNTHETIC_ID_MAP,1.0
PAI-00024,PAI26-100023,OCMS-2020-10023,PMG-50023,EXACT_SYNTHETIC_ID_MAP,1.0
PAI-00025,PAI26-100024,OCMS-2021-10024,PMG-50024,EXACT_SYNTHETIC_ID_MAP,1.0
PAI-00026,PAI26-100025,OCMS-2022-10025,PMG-50025,EXACT_SYNTHETIC_ID_MAP,1.0
PAI-00027,PAI26-100026,OCMS-2023-10026,PMG-50026,EXACT_SYNTHETIC_ID_MAP,1.0
PAI-00028,PAI26-100027,OCMS-2024-10027,PMG-50027,EXACT_SYNTHETIC_ID_MAP,1.0
PAI-00029,PAI26-100028,OCMS-2018-10028,PMG-50028,EXACT_SYNTHETIC_ID_MAP,1.0
PAI-00030,PAI26-100029,OCMS-2019-10029,PMG-50029,EXACT_SYNTHETIC_ID_MAP,1.0
PAI-00031,PAI26-100030,OCMS-2020-10030,PMG-50030,EXACT_SYNTHETIC_ID_MAP,1.0
PAI-00032,PAI26-100031,OCMS-2021-10031,PMG-50031,EXACT_SYNTHETIC_ID_MAP,1.0
PAI-00033,PAI26-100032,OCMS-2022-10032,PMG-50032,EXACT_SYNTHETIC_ID_MAP,1.0
PAI-00034,PAI26-100033,OCMS-2023-10033,PMG-50033,EXACT_SYNTHETIC_ID_MAP,1.0
PAI-00035,PAI26-100034,OCMS-2024-10034,PMG-50034,EXACT_SYNTHETIC_ID_MAP,1.0
PAI-00036,PAI26-100035,OCMS-2018-10035,PMG-50035,EXACT_SYNTHETIC_ID_MAP,1.0
PAI-00037,PAI26-100036,OCMS-2019-10036,PMG-50036,EXACT_SYNTHETIC_ID_MAP,1.0
PAI-00038,PAI26-100037,OCMS-2020-10037,PMG-50037,EXACT_SYNTHETIC_ID_MAP,1.0
PAI-00039,PAI26-100038,OCMS-2021-10038,PMG-50038,EXACT_SYNTHETIC_ID_MAP,1.0
PAI-00040,PAI26-100039,OCMS-2022-10039,PMG-50039,EXACT_SYNTHETIC_ID_MAP,1.0
PAI-00041,PAI26-100040,OCMS-2023-10040,PMG-50040,EXACT_SYNTHETIC_ID_MAP,1.0
PAI-00042,PAI26-100041,OCMS-2024-10041,PMG-50041,EXACT_SYNTHETIC_ID_MAP,1.0
PAI-00043,PAI26-100042,OCMS-2018-10042,PMG-50042,EXACT_SYNTHETIC_ID_MAP,1.0
PAI-00044,PAI26-100043,OCMS-2019-10043,PMG-50043,EXACT_SYNTHETIC_ID_MAP,1.0
PAI-00045,PAI26-100044,OCMS-2020-10044,PMG-50044,EXACT_SYNTHETIC_ID_MAP,1.0
PAI-00046,PAI26-100045,OCMS-2021-10045,PMG-50045,EXACT_SYNTHETIC_ID_MAP,1.0
PAI-00047,PAI26-100046,OCMS-2022-10046,PMG-50046,EXACT_SYNTHETIC_ID_MAP,1.0
PAI-00048,PAI26-100047,OCMS-2023-10047,PMG-50047,EXACT_SYNTHETIC_ID_MAP,1.0
PAI-00049,PAI26-100048,OCMS-2024-10048,PMG-50048,EXACT_SYNTHETIC_ID_MAP,1.0
PAI-00050,PAI26-100049,OCMS-2018-10049,PMG-50049,EXACT_SYNTHETIC_ID_MAP,1.0
PAI-00051,PAI26-100050,OCMS-2019-10050,PMG-50050,EXACT_SYNTHETIC_ID_MAP,1.0
PAI-00052,PAI26-100051,OCMS-2020-10051,PMG-50051,EXACT_SYNTHETIC_ID_MAP,1.0
PAI-00053,PAI26-100052,OCMS-2021-10052,PMG-50052,EXACT_SYNTHETIC_ID_MAP,1.0
PAI-00054,PAI26-100053,OCMS-2022-10053,PMG-50053,EXACT_SYNTHETIC_ID_MAP,1.0
PAI-00055,PAI26-100054,OCMS-2023-10054,PMG-50054,EXACT_SYNTHETIC_ID_MAP,1.0
PAI-00056,PAI26-100055,OCMS-2024-10055,PMG-50055,EXACT_SYNTHETIC_ID_MAP,1.0
PAI-00057,PAI26-100056,OCMS-2018-10056,PMG-50056,EXACT_SYNTHETIC_ID_MAP,1.0
PAI-00058,PAI26-100057,OCMS-2019-10057,PMG-50057,EXACT_SYNTHETIC_ID_MAP,1.0
PAI-00059,PAI26-100058,OCMS-2020-10058,PMG-50058,EXACT_SYNTHETIC_ID_MAP,1.0
PAI-00060,PAI26-100059,OCMS-2021-10059,PMG-50059,EXACT_SYNTHETIC_ID_MAP,1.0
PAI-00061,PAI26-100060,OCMS-2022-10060,PMG-50060,EXACT_SYNTHETIC_ID_MAP,1.0
PAI-00062,PAI26-100061,OCMS-2023-10061,PMG-50061,EXACT_SYNTHETIC_ID_MAP,1.0
PAI-00063,PAI26-100062,OCMS-2024-10062,PMG-50062,EXACT_SYNTHETIC_ID_MAP,1.0
PAI-00064,PAI26-100063,OCMS-2018-10063,PMG-50063,EXACT_SYNTHETIC_ID_MAP,1.0
PAI-00065,PAI26-100064,OCMS-2019-10064,PMG-50064,EXACT_SYNTHETIC_ID_MAP,1.0
PAI-00066,PAI26-100065,OCMS-2020-10065,PMG-50065,EXACT_SYNTHETIC_ID_MAP,1.0
PAI-00067,PAI26-100066,OCMS-2021-10066,PMG-50066,EXACT_SYNTHETIC_ID_MAP,1.0
PAI-00068,PAI26-100067,OCMS-2022-10067,PMG-50067,EXACT_SYNTHETIC_ID_MAP,1.0
PAI-00069,PAI26-100068,OCMS-2023-10068,PMG-50068,EXACT_SYNTHETIC_ID_MAP,1.0
PAI-00070,PAI26-100069,OCMS-2024-10069,PMG-50069,EXACT_SYNTHETIC_ID_MAP,1.0
PAI-00071,PAI26-100070,OCMS-2018-10070,PMG-50070,EXACT_SYNTHETIC_ID_MAP,1.0
PAI-00072,PAI26-100071,OCMS-2019-10071,PMG-50071,EXACT_SYNTHETIC_ID_MAP,1.0
PAI-00073,PAI26-100072,OCMS-2020-10072,PMG-50072,EXACT_SYNTHETIC_ID_MAP,1.0
PAI-00074,PAI26-100073,OCMS-2021-10073,PMG-50073,EXACT_SYNTHETIC_ID_MAP,1.0
PAI-00075,PAI26-100074,OCMS-2022-10074,PMG-50074,EXACT_SYNTHETIC_ID_MAP,1.0
PAI-00076,PAI26-100075,OCMS-2023-10075,PMG-50075,EXACT_SYNTHETIC_ID_MAP,1.0
PAI-00077,PAI26-100076,OCMS-2024-10076,PMG-50076,EXACT_SYNTHETIC_ID_MAP,1.0
PAI-00078,PAI26-100077,OCMS-2018-10077,PMG-50077,EXACT_SYNTHETIC_ID_MAP,1.0
PAI-00079,PAI26-100078,OCMS-2019-10078,PMG-50078,EXACT_SYNTHETIC_ID_MAP,1.0
PAI-00080,PAI26-100079,OCMS-2020-10079,PMG-50079,EXACT_SYNTHETIC_ID_MAP,1.0
PAI-00081,PAI26-100080,OCMS-2021-10080,PMG-50080,EXACT_SYNTHETIC_ID_MAP,1.0
PAI-00082,PAI26-100081,OCMS-2022-10081,PMG-50081,EXACT_SYNTHETIC_ID_MAP,1.0
PAI-00083,PAI26-100082,OCMS-2023-10082,PMG-50082,EXACT_SYNTHETIC_ID_MAP,1.0
PAI-00084,PAI26-100083,OCMS-2024-10083,PMG-50083,EXACT_SYNTHETIC_ID_MAP,1.0
PAI-00085,PAI26-100084,OCMS-2018-10084,PMG-50084,EXACT_SYNTHETIC_ID_MAP,1.0
PAI-00086,PAI26-100085,OCMS-2019-10085,PMG-50085,EXACT_SYNTHETIC_ID_MAP,1.0
PAI-00087,PAI26-100086,OCMS-2020-10086,PMG-50086,EXACT_SYNTHETIC_ID_MAP,1.0
PAI-00088,PAI26-100087,OCMS-2021-10087,PMG-50087,EXACT_SYNTHETIC_ID_MAP,1.0
PAI-00089,PAI26-100088,OCMS-2022-10088,PMG-50088,EXACT_SYNTHETIC_ID_MAP,1.0
PAI-00090,PAI26-100089,OCMS-2023-10089,PMG-50089,EXACT_SYNTHETIC_ID_MAP,1.0
PAI-00091,PAI26-100090,OCMS-2024-10090,PMG-50090,EXACT_SYNTHETIC_ID_MAP,1.0
PAI-00092,PAI26-100091,OCMS-2018-10091,PMG-50091,EXACT_SYNTHETIC_ID_MAP,1.0
PAI-00093,PAI26-100092,OCMS-2019-10092,PMG-50092,EXACT_SYNTHETIC_ID_MAP,1.0
PAI-00094,PAI26-100093,OCMS-2020-10093,PMG-50093,EXACT_SYNTHETIC_ID_MAP,1.0
PAI-00095,PAI26-100094,OCMS-2021-10094,PMG-50094,EXACT_SYNTHETIC_ID_MAP,1.0
PAI-00096,PAI26-100095,OCMS-2022-10095,PMG-50095,EXACT_SYNTHETIC_ID_MAP,1.0
PAI-00097,PAI26-100096,OCMS-2023-10096,PMG-50096,EXACT_SYNTHETIC_ID_MAP,1.0
PAI-00098,PAI26-100097,OCMS-2024-10097,PMG-50097,EXACT_SYNTHETIC_ID_MAP,1.0
PAI-00099,PAI26-100098,OCMS-2018-10098,PMG-50098,EXACT_SYNTHETIC_ID_MAP,1.0
PAI-00100,PAI26-100099,OCMS-2019-10099,PMG-50099,EXACT_SYNTHETIC_ID_MAP,1.0
PAI-00101,PAI26-100100,OCMS-2020-10100,PMG-50100,EXACT_SYNTHETIC_ID_MAP,1.0
PAI-00102,PAI26-100101,OCMS-2021-10101,PMG-50101,EXACT_SYNTHETIC_ID_MAP,1.0
PAI-00103,PAI26-100102,OCMS-2022-10102,PMG-50102,EXACT_SYNTHETIC_ID_MAP,1.0
PAI-00104,PAI26-100103,OCMS-2023-10103,PMG-50103,EXACT_SYNTHETIC_ID_MAP,1.0
PAI-00105,PAI26-100104,OCMS-2024-10104,PMG-50104,EXACT_SYNTHETIC_ID_MAP,1.0
PAI-00106,PAI26-100105,OCMS-2018-10105,PMG-50105,EXACT_SYNTHETIC_ID_MAP,1.0
PAI-00107,PAI26-100106,OCMS-2019-10106,PMG-50106,EXACT_SYNTHETIC_ID_MAP,1.0
PAI-00108,PAI26-100107,OCMS-2020-10107,PMG-50107,EXACT_SYNTHETIC_ID_MAP,1.0
PAI-00109,PAI26-100108,OCMS-2021-10108,PMG-50108,EXACT_SYNTHETIC_ID_MAP,1.0
PAI-00110,PAI26-100109,OCMS-2022-10109,PMG-50109,EXACT_SYNTHETIC_ID_MAP,1.0
PAI-00111,PAI26-100110,OCMS-2023-10110,PMG-50110,EXACT_SYNTHETIC_ID_MAP,1.0
PAI-00112,PAI26-100111,OCMS-2024-10111,PMG-50111,EXACT_SYNTHETIC_ID_MAP,1.0
PAI-00113,PAI26-100112,OCMS-2018-10112,PMG-50112,EXACT_SYNTHETIC_ID_MAP,1.0
PAI-00114,PAI26-100113,OCMS-2019-10113,PMG-50113,EXACT_SYNTHETIC_ID_MAP,1.0
PAI-00115,PAI26-100114,OCMS-2020-10114,PMG-50114,EXACT_SYNTHETIC_ID_MAP,1.0
PAI-00116,PAI26-100115,OCMS-2021-10115,PMG-50115,EXACT_SYNTHETIC_ID_MAP,1.0
PAI-00117,PAI26-100116,OCMS-2022-10116,PMG-50116,EXACT_SYNTHETIC_ID_MAP,1.0
PAI-00118,PAI26-100117,OCMS-2023-10117,PMG-50117,EXACT_SYNTHETIC_ID_MAP,1.0
PAI-00119,PAI26-100118,OCMS-2024-10118,PMG-50118,EXACT_SYNTHETIC_ID_MAP,1.0
PAI-00120,PAI26-100119,OCMS-2018-10119,PMG-50119,EXACT_SYNTHETIC_ID_MAP,1.0
PAI-00121,PAI26-100120,OCMS-2019-10120,PMG-50120,EXACT_SYNTHETIC_ID_MAP,1.0
PAI-00122,PAI26-100121,OCMS-2020-10121,PMG-50121,EXACT_SYNTHETIC_ID_MAP,1.0
PAI-00123,PAI26-100122,OCMS-2021-10122,PMG-50122,EXACT_SYNTHETIC_ID_MAP,1.0
PAI-00124,PAI26-100123,OCMS-2022-10123,PMG-50123,EXACT_SYNTHETIC_ID_MAP,1.0
PAI-00125,PAI26-100124,OCMS-2023-10124,PMG-50124,EXACT_SYNTHETIC_ID_MAP,1.0
PAI-00126,PAI26-100125,OCMS-2024-10125,PMG-50125,EXACT_SYNTHETIC_ID_MAP,1.0
PAI-00127,PAI26-100126,OCMS-2018-10126,PMG-50126,EXACT_SYNTHETIC_ID_MAP,1.0
PAI-00128,PAI26-100127,OCMS-2019-10127,PMG-50127,EXACT_SYNTHETIC_ID_MAP,1.0
PAI-00129,PAI26-100128,OCMS-2020-10128,PMG-50128,EXACT_SYNTHETIC_ID_MAP,1.0
PAI-00130,PAI26-100129,OCMS-2021-10129,PMG-50129,EXACT_SYNTHETIC_ID_MAP,1.0
PAI-00131,PAI26-100130,OCMS-2022-10130,PMG-50130,EXACT_SYNTHETIC_ID_MAP,1.0
PAI-00132,PAI26-100131,OCMS-2023-10131,PMG-50131,EXACT_SYNTHETIC_ID_MAP,1.0
PAI-00133,PAI26-100132,OCMS-2024-10132,PMG-50132,EXACT_SYNTHETIC_ID_MAP,1.0
PAI-00134,PAI26-100133,OCMS-2018-10133,PMG-50133,EXACT_SYNTHETIC_ID_MAP,1.0
PAI-00135,PAI26-100134,OCMS-2019-10134,PMG-50134,EXACT_SYNTHETIC_ID_MAP,1.0
PAI-00136,PAI26-100135,OCMS-2020-10135,PMG-50135,EXACT_SYNTHETIC_ID_MAP,1.0
PAI-00137,PAI26-100136,OCMS-2021-10136,PMG-50136,EXACT_SYNTHETIC_ID_MAP,1.0
PAI-00138,PAI26-100137,OCMS-2022-10137,PMG-50137,EXACT_SYNTHETIC_ID_MAP,1.0
PAI-00139,PAI26-100138,OCMS-2023-10138,PMG-50138,EXACT_SYNTHETIC_ID_MAP,1.0
PAI-00140,PAI26-100139,OCMS-2024-10139,PMG-50139,EXACT_SYNTHETIC_ID_MAP,1.0
PAI-00141,PAI26-100140,OCMS-2018-10140,PMG-50140,EXACT_SYNTHETIC_ID_MAP,1.0
PAI-00142,PAI26-100141,OCMS-2019-10141,PMG-50141,EXACT_SYNTHETIC_ID_MAP,1.0
PAI-00143,PAI26-100142,OCMS-2020-10142,PMG-50142,EXACT_SYNTHETIC_ID_MAP,1.0
PAI-00144,PAI26-100143,OCMS-2021-10143,PMG-50143,EXACT_SYNTHETIC_ID_MAP,1.0
PAI-00145,PAI26-100144,OCMS-2022-10144,PMG-50144,EXACT_SYNTHETIC_ID_MAP,1.0
PAI-00146,PAI26-100145,OCMS-2023-10145,PMG-50145,EXACT_SYNTHETIC_ID_MAP,1.0
PAI-00147,PAI26-100146,OCMS-2024-10146,PMG-50146,EXACT_SYNTHETIC_ID_MAP,1.0
PAI-00148,PAI26-100147,OCMS-2018-10147,PMG-50147,EXACT_SYNTHETIC_ID_MAP,1.0
PAI-00149,PAI26-100148,OCMS-2019-10148,PMG-50148,EXACT_SYNTHETIC_ID_MAP,1.0
PAI-00150,PAI26-100149,OCMS-2020-10149,PMG-50149,EXACT_SYNTHETIC_ID_MAP,1.0
PAI-00151,PAI26-100150,OCMS-2021-10150,PMG-50150,EXACT_SYNTHETIC_ID_MAP,1.0
PAI-00152,PAI26-100151,OCMS-2022-10151,PMG-50151,EXACT_SYNTHETIC_ID_MAP,1.0
PAI-00153,PAI26-100152,OCMS-2023-10152,PMG-50152,EXACT_SYNTHETIC_ID_MAP,1.0
PAI-00154,PAI26-100153,OCMS-2024-10153,PMG-50153,EXACT_SYNTHETIC_ID_MAP,1.0
PAI-00155,PAI26-100154,OCMS-2018-10154,PMG-50154,EXACT_SYNTHETIC_ID_MAP,1.0
PAI-00156,PAI26-100155,OCMS-2019-10155,PMG-50155,EXACT_SYNTHETIC_ID_MAP,1.0
PAI-00157,PAI26-100156,OCMS-2020-10156,PMG-50156,EXACT_SYNTHETIC_ID_MAP,1.0
PAI-00158,PAI26-100157,OCMS-2021-10157,PMG-50157,EXACT_SYNTHETIC_ID_MAP,1.0
PAI-00159,PAI26-100158,OCMS-2022-10158,PMG-50158,EXACT_SYNTHETIC_ID_MAP,1.0
PAI-00160,PAI26-100159,OCMS-2023-10159,PMG-50159,EXACT_SYNTHETIC_ID_MAP,1.0
PAI-00161,PAI26-100160,OCMS-2024-10160,PMG-50160,EXACT_SYNTHETIC_ID_MAP,1.0
PAI-00162,PAI26-100161,OCMS-2018-10161,PMG-50161,EXACT_SYNTHETIC_ID_MAP,1.0
PAI-00163,PAI26-100162,OCMS-2019-10162,PMG-50162,EXACT_SYNTHETIC_ID_MAP,1.0
PAI-00164,PAI26-100163,OCMS-2020-10163,PMG-50163,EXACT_SYNTHETIC_ID_MAP,1.0
PAI-00165,PAI26-100164,OCMS-2021-10164,PMG-50164,EXACT_SYNTHETIC_ID_MAP,1.0
PAI-00166,PAI26-100165,OCMS-2022-10165,PMG-50165,EXACT_SYNTHETIC_ID_MAP,1.0
PAI-00167,PAI26-100166,OCMS-2023-10166,PMG-50166,EXACT_SYNTHETIC_ID_MAP,1.0
PAI-00168,PAI26-100167,OCMS-2024-10167,PMG-50167,EXACT_SYNTHETIC_ID_MAP,1.0
PAI-00169,PAI26-100168,OCMS-2018-10168,PMG-50168,EXACT_SYNTHETIC_ID_MAP,1.0
PAI-00170,PAI26-100169,OCMS-2019-10169,PMG-50169,EXACT_SYNTHETIC_ID_MAP,1.0
PAI-00171,PAI26-100170,OCMS-2020-10170,PMG-50170,EXACT_SYNTHETIC_ID_MAP,1.0
PAI-00172,PAI26-100171,OCMS-2021-10171,PMG-50171,EXACT_SYNTHETIC_ID_MAP,1.0
PAI-00173,PAI26-100172,OCMS-2022-10172,PMG-50172,EXACT_SYNTHETIC_ID_MAP,1.0
PAI-00174,PAI26-100173,OCMS-2023-10173,PMG-50173,EXACT_SYNTHETIC_ID_MAP,1.0
PAI-00175,PAI26-100174,OCMS-2024-10174,PMG-50174,EXACT_SYNTHETIC_ID_MAP,1.0
PAI-00176,PAI26-100175,OCMS-2018-10175,PMG-50175,EXACT_SYNTHETIC_ID_MAP,1.0
PAI-00177,PAI26-100176,OCMS-2019-10176,PMG-50176,EXACT_SYNTHETIC_ID_MAP,1.0
PAI-00178,PAI26-100177,OCMS-2020-10177,PMG-50177,EXACT_SYNTHETIC_ID_MAP,1.0
PAI-00179,PAI26-100178,OCMS-2021-10178,PMG-50178,EXACT_SYNTHETIC_ID_MAP,1.0
PAI-00180,PAI26-100179,OCMS-2022-10179,PMG-50179,EXACT_SYNTHETIC_ID_MAP,1.0
PAI-00181,PAI26-100180,OCMS-2023-10180,PMG-50180,EXACT_SYNTHETIC_ID_MAP,1.0
PAI-00182,PAI26-100181,OCMS-2024-10181,PMG-50181,EXACT_SYNTHETIC_ID_MAP,1.0
PAI-00183,PAI26-100182,OCMS-2018-10182,PMG-50182,EXACT_SYNTHETIC_ID_MAP,1.0
PAI-00184,PAI26-100183,OCMS-2019-10183,PMG-50183,EXACT_SYNTHETIC_ID_MAP,1.0
PAI-00185,PAI26-100184,OCMS-2020-10184,PMG-50184,EXACT_SYNTHETIC_ID_MAP,1.0
PAI-00186,PAI26-100185,OCMS-2021-10185,PMG-50185,EXACT_SYNTHETIC_ID_MAP,1.0
PAI-00187,PAI26-100186,OCMS-2022-10186,PMG-50186,EXACT_SYNTHETIC_ID_MAP,1.0
PAI-00188,PAI26-100187,OCMS-2023-10187,PMG-50187,EXACT_SYNTHETIC_ID_MAP,1.0
PAI-00189,PAI26-100188,OCMS-2024-10188,PMG-50188,EXACT_SYNTHETIC_ID_MAP,1.0
PAI-00190,PAI26-100189,OCMS-2018-10189,PMG-50189,EXACT_SYNTHETIC_ID_MAP,1.0
PAI-00191,PAI26-100190,OCMS-2019-10190,PMG-50190,EXACT_SYNTHETIC_ID_MAP,1.0
PAI-00192,PAI26-100191,OCMS-2020-10191,PMG-50191,EXACT_SYNTHETIC_ID_MAP,1.0
PAI-00193,PAI26-100192,OCMS-2021-10192,PMG-50192,EXACT_SYNTHETIC_ID_MAP,1.0
PAI-00194,PAI26-100193,OCMS-2022-10193,PMG-50193,EXACT_SYNTHETIC_ID_MAP,1.0
PAI-00195,PAI26-100194,OCMS-2023-10194,PMG-50194,EXACT_SYNTHETIC_ID_MAP,1.0
PAI-00196,PAI26-100195,OCMS-2024-10195,PMG-50195,EXACT_SYNTHETIC_ID_MAP,1.0
PAI-00197,PAI26-100196,OCMS-2018-10196,PMG-50196,EXACT_SYNTHETIC_ID_MAP,1.0
PAI-00198,PAI26-100197,OCMS-2019-10197,PMG-50197,EXACT_SYNTHETIC_ID_MAP,1.0
PAI-00199,PAI26-100198,OCMS-2020-10198,PMG-50198,EXACT_SYNTHETIC_ID_MAP,1.0
PAI-00200,PAI26-100199,OCMS-2021-10199,PMG-50199,EXACT_SYNTHETIC_ID_MAP,1.0
PAI-00201,PAI26-100200,OCMS-2022-10200,PMG-50200,EXACT_SYNTHETIC_ID_MAP,1.0
PAI-00202,PAI26-100201,OCMS-2023-10201,PMG-50201,EXACT_SYNTHETIC_ID_MAP,1.0
PAI-00203,PAI26-100202,OCMS-2024-10202,PMG-50202,EXACT_SYNTHETIC_ID_MAP,1.0
PAI-00204,PAI26-100203,OCMS-2018-10203,PMG-50203,EXACT_SYNTHETIC_ID_MAP,1.0
PAI-00205,PAI26-100204,OCMS-2019-10204,PMG-50204,EXACT_SYNTHETIC_ID_MAP,1.0
PAI-00206,PAI26-100205,OCMS-2020-10205,PMG-50205,EXACT_SYNTHETIC_ID_MAP,1.0
PAI-00207,PAI26-100206,OCMS-2021-10206,PMG-50206,EXACT_SYNTHETIC_ID_MAP,1.0
PAI-00208,PAI26-100207,OCMS-2022-10207,PMG-50207,EXACT_SYNTHETIC_ID_MAP,1.0
PAI-00209,PAI26-100208,OCMS-2023-10208,PMG-50208,EXACT_SYNTHETIC_ID_MAP,1.0
PAI-00210,PAI26-100209,OCMS-2024-10209,PMG-50209,EXACT_SYNTHETIC_ID_MAP,1.0
PAI-00211,PAI26-100210,OCMS-2018-10210,PMG-50210,EXACT_SYNTHETIC_ID_MAP,1.0
PAI-00212,PAI26-100211,OCMS-2019-10211,PMG-50211,EXACT_SYNTHETIC_ID_MAP,1.0
PAI-00213,PAI26-100212,OCMS-2020-10212,PMG-50212,EXACT_SYNTHETIC_ID_MAP,1.0
PAI-00214,PAI26-100213,OCMS-2021-10213,PMG-50213,EXACT_SYNTHETIC_ID_MAP,1.0
PAI-00215,PAI26-100214,OCMS-2022-10214,PMG-50214,EXACT_SYNTHETIC_ID_MAP,1.0
PAI-00216,PAI26-100215,OCMS-2023-10215,PMG-50215,EXACT_SYNTHETIC_ID_MAP,1.0
PAI-00217,PAI26-100216,OCMS-2024-10216,PMG-50216,EXACT_SYNTHETIC_ID_MAP,1.0
PAI-00218,PAI26-100217,OCMS-2018-10217,PMG-50217,EXACT_SYNTHETIC_ID_MAP,1.0
PAI-00219,PAI26-100218,OCMS-2019-10218,PMG-50218,EXACT_SYNTHETIC_ID_MAP,1.0
PAI-00220,PAI26-100219,OCMS-2020-10219,PMG-50219,EXACT_SYNTHETIC_ID_MAP,1.0
PAI-00221,PAI26-100220,OCMS-2021-10220,PMG-50220,EXACT_SYNTHETIC_ID_MAP,1.0
PAI-00222,PAI26-100221,OCMS-2022-10221,PMG-50221,EXACT_SYNTHETIC_ID_MAP,1.0
PAI-00223,PAI26-100222,OCMS-2023-10222,PMG-50222,EXACT_SYNTHETIC_ID_MAP,1.0
PAI-00224,PAI26-100223,OCMS-2024-10223,PMG-50223,EXACT_SYNTHETIC_ID_MAP,1.0
PAI-00225,PAI26-100224,OCMS-2018-10224,PMG-50224,EXACT_SYNTHETIC_ID_MAP,1.0
PAI-00226,PAI26-100225,OCMS-2019-10225,PMG-50225,EXACT_SYNTHETIC_ID_MAP,1.0
PAI-00227,PAI26-100226,OCMS-2020-10226,PMG-50226,EXACT_SYNTHETIC_ID_MAP,1.0
PAI-00228,PAI26-100227,OCMS-2021-10227,PMG-50227,EXACT_SYNTHETIC_ID_MAP,1.0
PAI-00229,PAI26-100228,OCMS-2022-10228,PMG-50228,EXACT_SYNTHETIC_ID_MAP,1.0
PAI-00230,PAI26-100229,OCMS-2023-10229,PMG-50229,EXACT_SYNTHETIC_ID_MAP,1.0
PAI-00231,PAI26-100230,OCMS-2024-10230,PMG-50230,EXACT_SYNTHETIC_ID_MAP,1.0
PAI-00232,PAI26-100231,OCMS-2018-10231,PMG-50231,EXACT_SYNTHETIC_ID_MAP,1.0
PAI-00233,PAI26-100232,OCMS-2019-10232,PMG-50232,EXACT_SYNTHETIC_ID_MAP,1.0
PAI-00234,PAI26-100233,OCMS-2020-10233,PMG-50233,EXACT_SYNTHETIC_ID_MAP,1.0
PAI-00235,PAI26-100234,OCMS-2021-10234,PMG-50234,EXACT_SYNTHETIC_ID_MAP,1.0
PAI-00236,PAI26-100235,OCMS-2022-10235,PMG-50235,EXACT_SYNTHETIC_ID_MAP,1.0
PAI-00237,PAI26-100236,OCMS-2023-10236,PMG-50236,EXACT_SYNTHETIC_ID_MAP,1.0
PAI-00238,PAI26-100237,OCMS-2024-10237,PMG-50237,EXACT_SYNTHETIC_ID_MAP,1.0
PAI-00239,PAI26-100238,OCMS-2018-10238,PMG-50238,EXACT_SYNTHETIC_ID_MAP,1.0
PAI-00240,PAI26-100239,OCMS-2019-10239,PMG-50239,EXACT_SYNTHETIC_ID_MAP,1.0
PAI-00241,PAI26-100240,OCMS-2020-10240,PMG-50240,EXACT_SYNTHETIC_ID_MAP,1.0
PAI-00242,PAI26-100241,OCMS-2021-10241,PMG-50241,EXACT_SYNTHETIC_ID_MAP,1.0
PAI-00243,PAI26-100242,OCMS-2022-10242,PMG-50242,EXACT_SYNTHETIC_ID_MAP,1.0
PAI-00244,PAI26-100243,OCMS-2023-10243,PMG-50243,EXACT_SYNTHETIC_ID_MAP,1.0
PAI-00245,PAI26-100244,OCMS-2024-10244,PMG-50244,EXACT_SYNTHETIC_ID_MAP,1.0
PAI-00246,PAI26-100245,OCMS-2018-10245,PMG-50245,EXACT_SYNTHETIC_ID_MAP,1.0
PAI-00247,PAI26-100246,OCMS-2019-10246,PMG-50246,EXACT_SYNTHETIC_ID_MAP,1.0
PAI-00248,PAI26-100247,OCMS-2020-10247,PMG-50247,EXACT_SYNTHETIC_ID_MAP,1.0
PAI-00249,PAI26-100248,OCMS-2021-10248,PMG-50248,EXACT_SYNTHETIC_ID_MAP,1.0
PAI-00250,PAI26-100249,OCMS-2022-10249,PMG-50249,EXACT_SYNTHETIC_ID_MAP,1.0
PAI-00251,PAI26-100250,OCMS-2023-10250,PMG-50250,EXACT_SYNTHETIC_ID_MAP,1.0
PAI-00252,PAI26-100251,OCMS-2024-10251,PMG-50251,EXACT_SYNTHETIC_ID_MAP,1.0
PAI-00253,PAI26-100252,OCMS-2018-10252,PMG-50252,EXACT_SYNTHETIC_ID_MAP,1.0
PAI-00254,PAI26-100253,OCMS-2019-10253,PMG-50253,EXACT_SYNTHETIC_ID_MAP,1.0
PAI-00255,PAI26-100254,OCMS-2020-10254,PMG-50254,EXACT_SYNTHETIC_ID_MAP,1.0
PAI-00256,PAI26-100255,OCMS-2021-10255,PMG-50255,EXACT_SYNTHETIC_ID_MAP,1.0
PAI-00257,PAI26-100256,OCMS-2022-10256,PMG-50256,EXACT_SYNTHETIC_ID_MAP,1.0
PAI-00258,PAI26-100257,OCMS-2023-10257,PMG-50257,EXACT_SYNTHETIC_ID_MAP,1.0
PAI-00259,PAI26-100258,OCMS-2024-10258,PMG-50258,EXACT_SYNTHETIC_ID_MAP,1.0
PAI-00260,PAI26-100259,OCMS-2018-10259,PMG-50259,EXACT_SYNTHETIC_ID_MAP,1.0
PAI-00261,PAI26-100260,OCMS-2019-10260,PMG-50260,EXACT_SYNTHETIC_ID_MAP,1.0
PAI-00262,PAI26-100261,OCMS-2020-10261,PMG-50261,EXACT_SYNTHETIC_ID_MAP,1.0
PAI-00263,PAI26-100262,OCMS-2021-10262,PMG-50262,EXACT_SYNTHETIC_ID_MAP,1.0
PAI-00264,PAI26-100263,OCMS-2022-10263,PMG-50263,EXACT_SYNTHETIC_ID_MAP,1.0
PAI-00265,PAI26-100264,OCMS-2023-10264,PMG-50264,EXACT_SYNTHETIC_ID_MAP,1.0
PAI-00266,PAI26-100265,OCMS-2024-10265,PMG-50265,EXACT_SYNTHETIC_ID_MAP,1.0
PAI-00267,PAI26-100266,OCMS-2018-10266,PMG-50266,EXACT_SYNTHETIC_ID_MAP,1.0
PAI-00268,PAI26-100267,OCMS-2019-10267,PMG-50267,EXACT_SYNTHETIC_ID_MAP,1.0
PAI-00269,PAI26-100268,OCMS-2020-10268,PMG-50268,EXACT_SYNTHETIC_ID_MAP,1.0
PAI-00270,PAI26-100269,OCMS-2021-10269,PMG-50269,EXACT_SYNTHETIC_ID_MAP,1.0
PAI-00271,PAI26-100270,OCMS-2022-10270,PMG-50270,EXACT_SYNTHETIC_ID_MAP,1.0
PAI-00272,PAI26-100271,OCMS-2023-10271,PMG-50271,EXACT_SYNTHETIC_ID_MAP,1.0
PAI-00273,PAI26-100272,OCMS-2024-10272,PMG-50272,EXACT_SYNTHETIC_ID_MAP,1.0
PAI-00274,PAI26-100273,OCMS-2018-10273,PMG-50273,EXACT_SYNTHETIC_ID_MAP,1.0
PAI-00275,PAI26-100274,OCMS-2019-10274,PMG-50274,EXACT_SYNTHETIC_ID_MAP,1.0
PAI-00276,PAI26-100275,OCMS-2020-10275,PMG-50275,EXACT_SYNTHETIC_ID_MAP,1.0
PAI-00277,PAI26-100276,OCMS-2021-10276,PMG-50276,EXACT_SYNTHETIC_ID_MAP,1.0
PAI-00278,PAI26-100277,OCMS-2022-10277,PMG-50277,EXACT_SYNTHETIC_ID_MAP,1.0
PAI-00279,PAI26-100278,OCMS-2023-10278,PMG-50278,EXACT_SYNTHETIC_ID_MAP,1.0
PAI-00280,PAI26-100279,OCMS-2024-10279,PMG-50279,EXACT_SYNTHETIC_ID_MAP,1.0
PAI-00281,PAI26-100280,OCMS-2018-10280,PMG-50280,EXACT_SYNTHETIC_ID_MAP,1.0
PAI-00282,PAI26-100281,OCMS-2019-10281,PMG-50281,EXACT_SYNTHETIC_ID_MAP,1.0
PAI-00283,PAI26-100282,OCMS-2020-10282,PMG-50282,EXACT_SYNTHETIC_ID_MAP,1.0
PAI-00284,PAI26-100283,OCMS-2021-10283,PMG-50283,EXACT_SYNTHETIC_ID_MAP,1.0
PAI-00285,PAI26-100284,OCMS-2022-10284,PMG-50284,EXACT_SYNTHETIC_ID_MAP,1.0
PAI-00286,PAI26-100285,OCMS-2023-10285,PMG-50285,EXACT_SYNTHETIC_ID_MAP,1.0
PAI-00287,PAI26-100286,OCMS-2024-10286,PMG-50286,EXACT_SYNTHETIC_ID_MAP,1.0
PAI-00288,PAI26-100287,OCMS-2018-10287,PMG-50287,EXACT_SYNTHETIC_ID_MAP,1.0
PAI-00289,PAI26-100288,OCMS-2019-10288,PMG-50288,EXACT_SYNTHETIC_ID_MAP,1.0
PAI-00290,PAI26-100289,OCMS-2020-10289,PMG-50289,EXACT_SYNTHETIC_ID_MAP,1.0
PAI-00291,PAI26-100290,OCMS-2021-10290,PMG-50290,EXACT_SYNTHETIC_ID_MAP,1.0
PAI-00292,PAI26-100291,OCMS-2022-10291,PMG-50291,EXACT_SYNTHETIC_ID_MAP,1.0
PAI-00293,PAI26-100292,OCMS-2023-10292,PMG-50292,EXACT_SYNTHETIC_ID_MAP,1.0
PAI-00294,PAI26-100293,OCMS-2024-10293,PMG-50293,EXACT_SYNTHETIC_ID_MAP,1.0
PAI-00295,PAI26-100294,OCMS-2018-10294,PMG-50294,EXACT_SYNTHETIC_ID_MAP,1.0
PAI-00296,PAI26-100295,OCMS-2019-10295,PMG-50295,EXACT_SYNTHETIC_ID_MAP,1.0
PAI-00297,PAI26-100296,OCMS-2020-10296,PMG-50296,EXACT_SYNTHETIC_ID_MAP,1.0
PAI-00298,PAI26-100297,OCMS-2021-10297,PMG-50297,EXACT_SYNTHETIC_ID_MAP,1.0
PAI-00299,PAI26-100298,OCMS-2022-10298,PMG-50298,EXACT_SYNTHETIC_ID_MAP,1.0
PAI-00300,PAI26-100299,OCMS-2023-10299,PMG-50299,EXACT_SYNTHETIC_ID_MAP,1.0
PAI-00301,PAI26-100300,OCMS-2024-10300,PMG-50300,EXACT_SYNTHETIC_ID_MAP,1.0
PAI-00302,PAI26-100301,OCMS-2018-10301,PMG-50301,EXACT_SYNTHETIC_ID_MAP,1.0
PAI-00303,PAI26-100302,OCMS-2019-10302,PMG-50302,EXACT_SYNTHETIC_ID_MAP,1.0
PAI-00304,PAI26-100303,OCMS-2020-10303,PMG-50303,EXACT_SYNTHETIC_ID_MAP,1.0
PAI-00305,PAI26-100304,OCMS-2021-10304,PMG-50304,EXACT_SYNTHETIC_ID_MAP,1.0
PAI-00306,PAI26-100305,OCMS-2022-10305,PMG-50305,EXACT_SYNTHETIC_ID_MAP,1.0
PAI-00307,PAI26-100306,OCMS-2023-10306,PMG-50306,EXACT_SYNTHETIC_ID_MAP,1.0
PAI-00308,PAI26-100307,OCMS-2024-10307,PMG-50307,EXACT_SYNTHETIC_ID_MAP,1.0
PAI-00309,PAI26-100308,OCMS-2018-10308,PMG-50308,EXACT_SYNTHETIC_ID_MAP,1.0
PAI-00310,PAI26-100309,OCMS-2019-10309,PMG-50309,EXACT_SYNTHETIC_ID_MAP,1.0
PAI-00311,PAI26-100310,OCMS-2020-10310,PMG-50310,EXACT_SYNTHETIC_ID_MAP,1.0
PAI-00312,PAI26-100311,OCMS-2021-10311,PMG-50311,EXACT_SYNTHETIC_ID_MAP,1.0
PAI-00313,PAI26-100312,OCMS-2022-10312,PMG-50312,EXACT_SYNTHETIC_ID_MAP,1.0
PAI-00314,PAI26-100313,OCMS-2023-10313,PMG-50313,EXACT_SYNTHETIC_ID_MAP,1.0
PAI-00315,PAI26-100314,OCMS-2024-10314,PMG-50314,EXACT_SYNTHETIC_ID_MAP,1.0
PAI-00316,PAI26-100315,OCMS-2018-10315,PMG-50315,EXACT_SYNTHETIC_ID_MAP,1.0
PAI-00317,PAI26-100316,OCMS-2019-10316,PMG-50316,EXACT_SYNTHETIC_ID_MAP,1.0
PAI-00318,PAI26-100317,OCMS-2020-10317,PMG-50317,EXACT_SYNTHETIC_ID_MAP,1.0
PAI-00319,PAI26-100318,OCMS-2021-10318,PMG-50318,EXACT_SYNTHETIC_ID_MAP,1.0
PAI-00320,PAI26-100319,OCMS-2022-10319,PMG-50319,EXACT_SYNTHETIC_ID_MAP,1.0
PAI-00321,PAI26-100320,OCMS-2023-10320,PMG-50320,EXACT_SYNTHETIC_ID_MAP,1.0
PAI-00322,PAI26-100321,OCMS-2024-10321,PMG-50321,EXACT_SYNTHETIC_ID_MAP,1.0
PAI-00323,PAI26-100322,OCMS-2018-10322,PMG-50322,EXACT_SYNTHETIC_ID_MAP,1.0
PAI-00324,PAI26-100323,OCMS-2019-10323,PMG-50323,EXACT_SYNTHETIC_ID_MAP,1.0
PAI-00325,PAI26-100324,OCMS-2020-10324,PMG-50324,EXACT_SYNTHETIC_ID_MAP,1.0
PAI-00326,PAI26-100325,OCMS-2021-10325,PMG-50325,EXACT_SYNTHETIC_ID_MAP,1.0
PAI-00327,PAI26-100326,OCMS-2022-10326,PMG-50326,EXACT_SYNTHETIC_ID_MAP,1.0
PAI-00328,PAI26-100327,OCMS-2023-10327,PMG-50327,EXACT_SYNTHETIC_ID_MAP,1.0
PAI-00329,PAI26-100328,OCMS-2024-10328,PMG-50328,EXACT_SYNTHETIC_ID_MAP,1.0
PAI-00330,PAI26-100329,OCMS-2018-10329,PMG-50329,EXACT_SYNTHETIC_ID_MAP,1.0
PAI-00331,PAI26-100330,OCMS-2019-10330,PMG-50330,EXACT_SYNTHETIC_ID_MAP,1.0
PAI-00332,PAI26-100331,OCMS-2020-10331,PMG-50331,EXACT_SYNTHETIC_ID_MAP,1.0
PAI-00333,PAI26-100332,OCMS-2021-10332,PMG-50332,EXACT_SYNTHETIC_ID_MAP,1.0
PAI-00334,PAI26-100333,OCMS-2022-10333,PMG-50333,EXACT_SYNTHETIC_ID_MAP,1.0
PAI-00335,PAI26-100334,OCMS-2023-10334,PMG-50334,EXACT_SYNTHETIC_ID_MAP,1.0
PAI-00336,PAI26-100335,OCMS-2024-10335,PMG-50335,EXACT_SYNTHETIC_ID_MAP,1.0
PAI-00337,PAI26-100336,OCMS-2018-10336,PMG-50336,EXACT_SYNTHETIC_ID_MAP,1.0
PAI-00338,PAI26-100337,OCMS-2019-10337,PMG-50337,EXACT_SYNTHETIC_ID_MAP,1.0
PAI-00339,PAI26-100338,OCMS-2020-10338,PMG-50338,EXACT_SYNTHETIC_ID_MAP,1.0
PAI-00340,PAI26-100339,OCMS-2021-10339,PMG-50339,EXACT_SYNTHETIC_ID_MAP,1.0
PAI-00341,PAI26-100340,OCMS-2022-10340,PMG-50340,EXACT_SYNTHETIC_ID_MAP,1.0
PAI-00342,PAI26-100341,OCMS-2023-10341,PMG-50341,EXACT_SYNTHETIC_ID_MAP,1.0
PAI-00343,PAI26-100342,OCMS-2024-10342,PMG-50342,EXACT_SYNTHETIC_ID_MAP,1.0
PAI-00344,PAI26-100343,OCMS-2018-10343,PMG-50343,EXACT_SYNTHETIC_ID_MAP,1.0
PAI-00345,PAI26-100344,OCMS-2019-10344,PMG-50344,EXACT_SYNTHETIC_ID_MAP,1.0
PAI-00346,PAI26-100345,OCMS-2020-10345,PMG-50345,EXACT_SYNTHETIC_ID_MAP,1.0
PAI-00347,PAI26-100346,OCMS-2021-10346,PMG-50346,EXACT_SYNTHETIC_ID_MAP,1.0
PAI-00348,PAI26-100347,OCMS-2022-10347,PMG-50347,EXACT_SYNTHETIC_ID_MAP,1.0
PAI-00349,PAI26-100348,OCMS-2023-10348,PMG-50348,EXACT_SYNTHETIC_ID_MAP,1.0
PAI-00350,PAI26-100349,OCMS-2024-10349,PMG-50349,EXACT_SYNTHETIC_ID_MAP,1.0
PAI-00351,PAI26-100350,OCMS-2018-10350,PMG-50350,EXACT_SYNTHETIC_ID_MAP,1.0
PAI-00352,PAI26-100351,OCMS-2019-10351,PMG-50351,EXACT_SYNTHETIC_ID_MAP,1.0
PAI-00353,PAI26-100352,OCMS-2020-10352,PMG-50352,EXACT_SYNTHETIC_ID_MAP,1.0
PAI-00354,PAI26-100353,OCMS-2021-10353,PMG-50353,EXACT_SYNTHETIC_ID_MAP,1.0
PAI-00355,PAI26-100354,OCMS-2022-10354,PMG-50354,EXACT_SYNTHETIC_ID_MAP,1.0
PAI-00356,PAI26-100355,OCMS-2023-10355,PMG-50355,EXACT_SYNTHETIC_ID_MAP,1.0
PAI-00357,PAI26-100356,OCMS-2024-10356,PMG-50356,EXACT_SYNTHETIC_ID_MAP,1.0
PAI-00358,PAI26-100357,OCMS-2018-10357,PMG-50357,EXACT_SYNTHETIC_ID_MAP,1.0
PAI-00359,PAI26-100358,OCMS-2019-10358,PMG-50358,EXACT_SYNTHETIC_ID_MAP,1.0
PAI-00360,PAI26-100359,OCMS-2020-10359,PMG-50359,EXACT_SYNTHETIC_ID_MAP,1.0
PAI-00361,PAI26-100360,OCMS-2021-10360,PMG-50360,EXACT_SYNTHETIC_ID_MAP,1.0
PAI-00362,PAI26-100361,OCMS-2022-10361,PMG-50361,EXACT_SYNTHETIC_ID_MAP,1.0
PAI-00363,PAI26-100362,OCMS-2023-10362,PMG-50362,EXACT_SYNTHETIC_ID_MAP,1.0
PAI-00364,PAI26-100363,OCMS-2024-10363,PMG-50363,EXACT_SYNTHETIC_ID_MAP,1.0
PAI-00365,PAI26-100364,OCMS-2018-10364,PMG-50364,EXACT_SYNTHETIC_ID_MAP,1.0
PAI-00366,PAI26-100365,OCMS-2019-10365,PMG-50365,EXACT_SYNTHETIC_ID_MAP,1.0
PAI-00367,PAI26-100366,OCMS-2020-10366,PMG-50366,EXACT_SYNTHETIC_ID_MAP,1.0
PAI-00368,PAI26-100367,OCMS-2021-10367,PMG-50367,EXACT_SYNTHETIC_ID_MAP,1.0
PAI-00369,PAI26-100368,OCMS-2022-10368,PMG-50368,EXACT_SYNTHETIC_ID_MAP,1.0
PAI-00370,PAI26-100369,OCMS-2023-10369,PMG-50369,EXACT_SYNTHETIC_ID_MAP,1.0
PAI-00371,PAI26-100370,OCMS-2024-10370,PMG-50370,EXACT_SYNTHETIC_ID_MAP,1.0
PAI-00372,PAI26-100371,OCMS-2018-10371,PMG-50371,EXACT_SYNTHETIC_ID_MAP,1.0
PAI-00373,PAI26-100372,OCMS-2019-10372,PMG-50372,EXACT_SYNTHETIC_ID_MAP,1.0
PAI-00374,PAI26-100373,OCMS-2020-10373,PMG-50373,EXACT_SYNTHETIC_ID_MAP,1.0
PAI-00375,PAI26-100374,OCMS-2021-10374,PMG-50374,EXACT_SYNTHETIC_ID_MAP,1.0
PAI-00376,PAI26-100375,OCMS-2022-10375,PMG-50375,EXACT_SYNTHETIC_ID_MAP,1.0
PAI-00377,PAI26-100376,OCMS-2023-10376,PMG-50376,EXACT_SYNTHETIC_ID_MAP,1.0
PAI-00378,PAI26-100377,OCMS-2024-10377,PMG-50377,EXACT_SYNTHETIC_ID_MAP,1.0
PAI-00379,PAI26-100378,OCMS-2018-10378,PMG-50378,EXACT_SYNTHETIC_ID_MAP,1.0
PAI-00380,PAI26-100379,OCMS-2019-10379,PMG-50379,EXACT_SYNTHETIC_ID_MAP,1.0
PAI-00381,PAI26-100380,OCMS-2020-10380,PMG-50380,EXACT_SYNTHETIC_ID_MAP,1.0
PAI-00382,PAI26-100381,OCMS-2021-10381,PMG-50381,EXACT_SYNTHETIC_ID_MAP,1.0
PAI-00383,PAI26-100382,OCMS-2022-10382,PMG-50382,EXACT_SYNTHETIC_ID_MAP,1.0
PAI-00384,PAI26-100383,OCMS-2023-10383,PMG-50383,EXACT_SYNTHETIC_ID_MAP,1.0
PAI-00385,PAI26-100384,OCMS-2024-10384,PMG-50384,EXACT_SYNTHETIC_ID_MAP,1.0
PAI-00386,PAI26-100385,OCMS-2018-10385,PMG-50385,EXACT_SYNTHETIC_ID_MAP,1.0
PAI-00387,PAI26-100386,OCMS-2019-10386,PMG-50386,EXACT_SYNTHETIC_ID_MAP,1.0
PAI-00388,PAI26-100387,OCMS-2020-10387,PMG-50387,EXACT_SYNTHETIC_ID_MAP,1.0
PAI-00389,PAI26-100388,OCMS-2021-10388,PMG-50388,EXACT_SYNTHETIC_ID_MAP,1.0
PAI-00390,PAI26-100389,OCMS-2022-10389,PMG-50389,EXACT_SYNTHETIC_ID_MAP,1.0
PAI-00391,PAI26-100390,OCMS-2023-10390,PMG-50390,EXACT_SYNTHETIC_ID_MAP,1.0
PAI-00392,PAI26-100391,OCMS-2024-10391,PMG-50391,EXACT_SYNTHETIC_ID_MAP,1.0
PAI-00393,PAI26-100392,OCMS-2018-10392,PMG-50392,EXACT_SYNTHETIC_ID_MAP,1.0
PAI-00394,PAI26-100393,OCMS-2019-10393,PMG-50393,EXACT_SYNTHETIC_ID_MAP,1.0
PAI-00395,PAI26-100394,OCMS-2020-10394,PMG-50394,EXACT_SYNTHETIC_ID_MAP,1.0
PAI-00396,PAI26-100395,OCMS-2021-10395,PMG-50395,EXACT_SYNTHETIC_ID_MAP,1.0
PAI-00397,PAI26-100396,OCMS-2022-10396,PMG-50396,EXACT_SYNTHETIC_ID_MAP,1.0
PAI-00398,PAI26-100397,OCMS-2023-10397,PMG-50397,EXACT_SYNTHETIC_ID_MAP,1.0
PAI-00399,PAI26-100398,OCMS-2024-10398,PMG-50398,EXACT_SYNTHETIC_ID_MAP,1.0
PAI-00400,PAI26-100399,OCMS-2018-10399,PMG-50399,EXACT_SYNTHETIC_ID_MAP,1.0
PAI-00401,PAI26-100400,OCMS-2019-10400,PMG-50400,EXACT_SYNTHETIC_ID_MAP,1.0
PAI-00402,PAI26-100401,OCMS-2020-10401,PMG-50401,EXACT_SYNTHETIC_ID_MAP,1.0
PAI-00403,PAI26-100402,OCMS-2021-10402,PMG-50402,EXACT_SYNTHETIC_ID_MAP,1.0
PAI-00404,PAI26-100403,OCMS-2022-10403,PMG-50403,EXACT_SYNTHETIC_ID_MAP,1.0
PAI-00405,PAI26-100404,OCMS-2023-10404,PMG-50404,EXACT_SYNTHETIC_ID_MAP,1.0
PAI-00406,PAI26-100405,OCMS-2024-10405,PMG-50405,EXACT_SYNTHETIC_ID_MAP,1.0
PAI-00407,PAI26-100406,OCMS-2018-10406,PMG-50406,EXACT_SYNTHETIC_ID_MAP,1.0
PAI-00408,PAI26-100407,OCMS-2019-10407,PMG-50407,EXACT_SYNTHETIC_ID_MAP,1.0
PAI-00409,PAI26-100408,OCMS-2020-10408,PMG-50408,EXACT_SYNTHETIC_ID_MAP,1.0
PAI-00410,PAI26-100409,OCMS-2021-10409,PMG-50409,EXACT_SYNTHETIC_ID_MAP,1.0
PAI-00411,PAI26-100410,OCMS-2022-10410,PMG-50410,EXACT_SYNTHETIC_ID_MAP,1.0
PAI-00412,PAI26-100411,OCMS-2023-10411,PMG-50411,EXACT_SYNTHETIC_ID_MAP,1.0
PAI-00413,PAI26-100412,OCMS-2024-10412,PMG-50412,EXACT_SYNTHETIC_ID_MAP,1.0
PAI-00414,PAI26-100413,OCMS-2018-10413,PMG-50413,EXACT_SYNTHETIC_ID_MAP,1.0
PAI-00415,PAI26-100414,OCMS-2019-10414,PMG-50414,EXACT_SYNTHETIC_ID_MAP,1.0
PAI-00416,PAI26-100415,OCMS-2020-10415,PMG-50415,EXACT_SYNTHETIC_ID_MAP,1.0
PAI-00417,PAI26-100416,OCMS-2021-10416,PMG-50416,EXACT_SYNTHETIC_ID_MAP,1.0
PAI-00418,PAI26-100417,OCMS-2022-10417,PMG-50417,EXACT_SYNTHETIC_ID_MAP,1.0
PAI-00419,PAI26-100418,OCMS-2023-10418,PMG-50418,EXACT_SYNTHETIC_ID_MAP,1.0
PAI-00420,PAI26-100419,OCMS-2024-10419,PMG-50419,EXACT_SYNTHETIC_ID_MAP,1.0
PAI-00421,PAI26-100420,OCMS-2018-10420,PMG-50420,EXACT_SYNTHETIC_ID_MAP,1.0
PAI-00422,PAI26-100421,OCMS-2019-10421,PMG-50421,EXACT_SYNTHETIC_ID_MAP,1.0
PAI-00423,PAI26-100422,OCMS-2020-10422,PMG-50422,EXACT_SYNTHETIC_ID_MAP,1.0
PAI-00424,PAI26-100423,OCMS-2021-10423,PMG-50423,EXACT_SYNTHETIC_ID_MAP,1.0
PAI-00425,PAI26-100424,OCMS-2022-10424,PMG-50424,EXACT_SYNTHETIC_ID_MAP,1.0
PAI-00426,PAI26-100425,OCMS-2023-10425,PMG-50425,EXACT_SYNTHETIC_ID_MAP,1.0
PAI-00427,PAI26-100426,OCMS-2024-10426,PMG-50426,EXACT_SYNTHETIC_ID_MAP,1.0
PAI-00428,PAI26-100427,OCMS-2018-10427,PMG-50427,EXACT_SYNTHETIC_ID_MAP,1.0
PAI-00429,PAI26-100428,OCMS-2019-10428,PMG-50428,EXACT_SYNTHETIC_ID_MAP,1.0
PAI-00430,PAI26-100429,OCMS-2020-10429,PMG-50429,EXACT_SYNTHETIC_ID_MAP,1.0
PAI-00431,PAI26-100430,OCMS-2021-10430,PMG-50430,EXACT_SYNTHETIC_ID_MAP,1.0
PAI-00432,PAI26-100431,OCMS-2022-10431,PMG-50431,EXACT_SYNTHETIC_ID_MAP,1.0
PAI-00433,PAI26-100432,OCMS-2023-10432,PMG-50432,EXACT_SYNTHETIC_ID_MAP,1.0
PAI-00434,PAI26-100433,OCMS-2024-10433,PMG-50433,EXACT_SYNTHETIC_ID_MAP,1.0
PAI-00435,PAI26-100434,OCMS-2018-10434,PMG-50434,EXACT_SYNTHETIC_ID_MAP,1.0
PAI-00436,PAI26-100435,OCMS-2019-10435,PMG-50435,EXACT_SYNTHETIC_ID_MAP,1.0
PAI-00437,PAI26-100436,OCMS-2020-10436,PMG-50436,EXACT_SYNTHETIC_ID_MAP,1.0
PAI-00438,PAI26-100437,OCMS-2021-10437,PMG-50437,EXACT_SYNTHETIC_ID_MAP,1.0
PAI-00439,PAI26-100438,OCMS-2022-10438,PMG-50438,EXACT_SYNTHETIC_ID_MAP,1.0
PAI-00440,PAI26-100439,OCMS-2023-10439,PMG-50439,EXACT_SYNTHETIC_ID_MAP,1.0
PAI-00441,PAI26-100440,OCMS-2024-10440,PMG-50440,EXACT_SYNTHETIC_ID_MAP,1.0
PAI-00442,PAI26-100441,OCMS-2018-10441,PMG-50441,EXACT_SYNTHETIC_ID_MAP,1.0
PAI-00443,PAI26-100442,OCMS-2019-10442,PMG-50442,EXACT_SYNTHETIC_ID_MAP,1.0
PAI-00444,PAI26-100443,OCMS-2020-10443,PMG-50443,EXACT_SYNTHETIC_ID_MAP,1.0
PAI-00445,PAI26-100444,OCMS-2021-10444,PMG-50444,EXACT_SYNTHETIC_ID_MAP,1.0
PAI-00446,PAI26-100445,OCMS-2022-10445,PMG-50445,EXACT_SYNTHETIC_ID_MAP,1.0
PAI-00447,PAI26-100446,OCMS-2023-10446,PMG-50446,EXACT_SYNTHETIC_ID_MAP,1.0
PAI-00448,PAI26-100447,OCMS-2024-10447,PMG-50447,EXACT_SYNTHETIC_ID_MAP,1.0
PAI-00449,PAI26-100448,OCMS-2018-10448,PMG-50448,EXACT_SYNTHETIC_ID_MAP,1.0
PAI-00450,PAI26-100449,OCMS-2019-10449,PMG-50449,EXACT_SYNTHETIC_ID_MAP,1.0
PAI-00451,PAI26-100450,OCMS-2020-10450,PMG-50450,EXACT_SYNTHETIC_ID_MAP,1.0
PAI-00452,PAI26-100451,OCMS-2021-10451,PMG-50451,EXACT_SYNTHETIC_ID_MAP,1.0
PAI-00453,PAI26-100452,OCMS-2022-10452,PMG-50452,EXACT_SYNTHETIC_ID_MAP,1.0
PAI-00454,PAI26-100453,OCMS-2023-10453,PMG-50453,EXACT_SYNTHETIC_ID_MAP,1.0
PAI-00455,PAI26-100454,OCMS-2024-10454,PMG-50454,EXACT_SYNTHETIC_ID_MAP,1.0
PAI-00456,PAI26-100455,OCMS-2018-10455,PMG-50455,EXACT_SYNTHETIC_ID_MAP,1.0
PAI-00457,PAI26-100456,OCMS-2019-10456,PMG-50456,EXACT_SYNTHETIC_ID_MAP,1.0
PAI-00458,PAI26-100457,OCMS-2020-10457,PMG-50457,EXACT_SYNTHETIC_ID_MAP,1.0
PAI-00459,PAI26-100458,OCMS-2021-10458,PMG-50458,EXACT_SYNTHETIC_ID_MAP,1.0
PAI-00460,PAI26-100459,OCMS-2022-10459,PMG-50459,EXACT_SYNTHETIC_ID_MAP,1.0
PAI-00461,PAI26-100460,OCMS-2023-10460,PMG-50460,EXACT_SYNTHETIC_ID_MAP,1.0
PAI-00462,PAI26-100461,OCMS-2024-10461,PMG-50461,EXACT_SYNTHETIC_ID_MAP,1.0
PAI-00463,PAI26-100462,OCMS-2018-10462,PMG-50462,EXACT_SYNTHETIC_ID_MAP,1.0
PAI-00464,PAI26-100463,OCMS-2019-10463,PMG-50463,EXACT_SYNTHETIC_ID_MAP,1.0
PAI-00465,PAI26-100464,OCMS-2020-10464,PMG-50464,EXACT_SYNTHETIC_ID_MAP,1.0
PAI-00466,PAI26-100465,OCMS-2021-10465,PMG-50465,EXACT_SYNTHETIC_ID_MAP,1.0
PAI-00467,PAI26-100466,OCMS-2022-10466,PMG-50466,EXACT_SYNTHETIC_ID_MAP,1.0
PAI-00468,PAI26-100467,OCMS-2023-10467,PMG-50467,EXACT_SYNTHETIC_ID_MAP,1.0
PAI-00469,PAI26-100468,OCMS-2024-10468,PMG-50468,EXACT_SYNTHETIC_ID_MAP,1.0
PAI-00470,PAI26-100469,OCMS-2018-10469,PMG-50469,EXACT_SYNTHETIC_ID_MAP,1.0
PAI-00471,PAI26-100470,OCMS-2019-10470,PMG-50470,EXACT_SYNTHETIC_ID_MAP,1.0
PAI-00472,PAI26-100471,OCMS-2020-10471,PMG-50471,EXACT_SYNTHETIC_ID_MAP,1.0
PAI-00473,PAI26-100472,OCMS-2021-10472,PMG-50472,EXACT_SYNTHETIC_ID_MAP,1.0
PAI-00474,PAI26-100473,OCMS-2022-10473,PMG-50473,EXACT_SYNTHETIC_ID_MAP,1.0
PAI-00475,PAI26-100474,OCMS-2023-10474,PMG-50474,EXACT_SYNTHETIC_ID_MAP,1.0
PAI-00476,PAI26-100475,OCMS-2024-10475,PMG-50475,EXACT_SYNTHETIC_ID_MAP,1.0
PAI-00477,PAI26-100476,OCMS-2018-10476,PMG-50476,EXACT_SYNTHETIC_ID_MAP,1.0
PAI-00478,PAI26-100477,OCMS-2019-10477,PMG-50477,EXACT_SYNTHETIC_ID_MAP,1.0
PAI-00479,PAI26-100478,OCMS-2020-10478,PMG-50478,EXACT_SYNTHETIC_ID_MAP,1.0
PAI-00480,PAI26-100479,OCMS-2021-10479,PMG-50479,EXACT_SYNTHETIC_ID_MAP,1.0
PAI-00481,PAI26-100480,OCMS-2022-10480,PMG-50480,EXACT_SYNTHETIC_ID_MAP,1.0
PAI-00482,PAI26-100481,OCMS-2023-10481,PMG-50481,EXACT_SYNTHETIC_ID_MAP,1.0
PAI-00483,PAI26-100482,OCMS-2024-10482,PMG-50482,EXACT_SYNTHETIC_ID_MAP,1.0
PAI-00484,PAI26-100483,OCMS-2018-10483,PMG-50483,EXACT_SYNTHETIC_ID_MAP,1.0
PAI-00485,PAI26-100484,OCMS-2019-10484,PMG-50484,EXACT_SYNTHETIC_ID_MAP,1.0
PAI-00486,PAI26-100485,OCMS-2020-10485,PMG-50485,EXACT_SYNTHETIC_ID_MAP,1.0
PAI-00487,PAI26-100486,OCMS-2021-10486,PMG-50486,EXACT_SYNTHETIC_ID_MAP,1.0
PAI-00488,PAI26-100487,OCMS-2022-10487,PMG-50487,EXACT_SYNTHETIC_ID_MAP,1.0
PAI-00489,PAI26-100488,OCMS-2023-10488,PMG-50488,EXACT_SYNTHETIC_ID_MAP,1.0
PAI-00490,PAI26-100489,OCMS-2024-10489,PMG-50489,EXACT_SYNTHETIC_ID_MAP,1.0
PAI-00491,PAI26-100490,OCMS-2018-10490,PMG-50490,EXACT_SYNTHETIC_ID_MAP,1.0
PAI-00492,PAI26-100491,OCMS-2019-10491,PMG-50491,EXACT_SYNTHETIC_ID_MAP,1.0
PAI-00493,PAI26-100492,OCMS-2020-10492,PMG-50492,EXACT_SYNTHETIC_ID_MAP,1.0
PAI-00494,PAI26-100493,OCMS-2021-10493,PMG-50493,EXACT_SYNTHETIC_ID_MAP,1.0
PAI-00495,PAI26-100494,OCMS-2022-10494,PMG-50494,EXACT_SYNTHETIC_ID_MAP,1.0
PAI-00496,PAI26-100495,OCMS-2023-10495,PMG-50495,EXACT_SYNTHETIC_ID_MAP,1.0
PAI-00497,PAI26-100496,OCMS-2024-10496,PMG-50496,EXACT_SYNTHETIC_ID_MAP,1.0
PAI-00498,PAI26-100497,OCMS-2018-10497,PMG-50497,EXACT_SYNTHETIC_ID_MAP,1.0
PAI-00499,PAI26-100498,OCMS-2019-10498,PMG-50498,EXACT_SYNTHETIC_ID_MAP,1.0
PAI-00500,PAI26-100499,OCMS-2020-10499,PMG-50499,EXACT_SYNTHETIC_ID_MAP,1.0
PAI-00501,PAI26-100500,OCMS-2021-10500,PMG-50500,EXACT_SYNTHETIC_ID_MAP,1.0
PAI-00502,PAI26-100501,OCMS-2022-10501,PMG-50501,EXACT_SYNTHETIC_ID_MAP,1.0
PAI-00503,PAI26-100502,OCMS-2023-10502,PMG-50502,EXACT_SYNTHETIC_ID_MAP,1.0
PAI-00504,PAI26-100503,OCMS-2024-10503,PMG-50503,EXACT_SYNTHETIC_ID_MAP,1.0
PAI-00505,PAI26-100504,OCMS-2018-10504,PMG-50504,EXACT_SYNTHETIC_ID_MAP,1.0
PAI-00506,PAI26-100505,OCMS-2019-10505,PMG-50505,EXACT_SYNTHETIC_ID_MAP,1.0
PAI-00507,PAI26-100506,OCMS-2020-10506,PMG-50506,EXACT_SYNTHETIC_ID_MAP,1.0
PAI-00508,PAI26-100507,OCMS-2021-10507,PMG-50507,EXACT_SYNTHETIC_ID_MAP,1.0
PAI-00509,PAI26-100508,OCMS-2022-10508,PMG-50508,EXACT_SYNTHETIC_ID_MAP,1.0
PAI-00510,PAI26-100509,OCMS-2023-10509,PMG-50509,EXACT_SYNTHETIC_ID_MAP,1.0
PAI-00511,PAI26-100510,OCMS-2024-10510,PMG-50510,EXACT_SYNTHETIC_ID_MAP,1.0
PAI-00512,PAI26-100511,OCMS-2018-10511,PMG-50511,EXACT_SYNTHETIC_ID_MAP,1.0
PAI-00513,PAI26-100512,OCMS-2019-10512,PMG-50512,EXACT_SYNTHETIC_ID_MAP,1.0
PAI-00514,PAI26-100513,OCMS-2020-10513,PMG-50513,EXACT_SYNTHETIC_ID_MAP,1.0
PAI-00515,PAI26-100514,OCMS-2021-10514,PMG-50514,EXACT_SYNTHETIC_ID_MAP,1.0
PAI-00516,PAI26-100515,OCMS-2022-10515,PMG-50515,EXACT_SYNTHETIC_ID_MAP,1.0
PAI-00517,PAI26-100516,OCMS-2023-10516,PMG-50516,EXACT_SYNTHETIC_ID_MAP,1.0
PAI-00518,PAI26-100517,OCMS-2024-10517,PMG-50517,EXACT_SYNTHETIC_ID_MAP,1.0
PAI-00519,PAI26-100518,OCMS-2018-10518,PMG-50518,EXACT_SYNTHETIC_ID_MAP,1.0
PAI-00520,PAI26-100519,OCMS-2019-10519,PMG-50519,EXACT_SYNTHETIC_ID_MAP,1.0
PAI-00521,PAI26-100520,OCMS-2020-10520,PMG-50520,EXACT_SYNTHETIC_ID_MAP,1.0
PAI-00522,PAI26-100521,OCMS-2021-10521,PMG-50521,EXACT_SYNTHETIC_ID_MAP,1.0
PAI-00523,PAI26-100522,OCMS-2022-10522,PMG-50522,EXACT_SYNTHETIC_ID_MAP,1.0
PAI-00524,PAI26-100523,OCMS-2023-10523,PMG-50523,EXACT_SYNTHETIC_ID_MAP,1.0
PAI-00525,PAI26-100524,OCMS-2024-10524,PMG-50524,EXACT_SYNTHETIC_ID_MAP,1.0
PAI-00526,PAI26-100525,OCMS-2018-10525,PMG-50525,EXACT_SYNTHETIC_ID_MAP,1.0
PAI-00527,PAI26-100526,OCMS-2019-10526,PMG-50526,EXACT_SYNTHETIC_ID_MAP,1.0
PAI-00528,PAI26-100527,OCMS-2020-10527,PMG-50527,EXACT_SYNTHETIC_ID_MAP,1.0
PAI-00529,PAI26-100528,OCMS-2021-10528,PMG-50528,EXACT_SYNTHETIC_ID_MAP,1.0
PAI-00530,PAI26-100529,OCMS-2022-10529,PMG-50529,EXACT_SYNTHETIC_ID_MAP,1.0
PAI-00531,PAI26-100530,OCMS-2023-10530,PMG-50530,EXACT_SYNTHETIC_ID_MAP,1.0
PAI-00532,PAI26-100531,OCMS-2024-10531,PMG-50531,EXACT_SYNTHETIC_ID_MAP,1.0
PAI-00533,PAI26-100532,OCMS-2018-10532,PMG-50532,EXACT_SYNTHETIC_ID_MAP,1.0
PAI-00534,PAI26-100533,OCMS-2019-10533,PMG-50533,EXACT_SYNTHETIC_ID_MAP,1.0
PAI-00535,PAI26-100534,OCMS-2020-10534,PMG-50534,EXACT_SYNTHETIC_ID_MAP,1.0
PAI-00536,PAI26-100535,OCMS-2021-10535,PMG-50535,EXACT_SYNTHETIC_ID_MAP,1.0
PAI-00537,PAI26-100536,OCMS-2022-10536,PMG-50536,EXACT_SYNTHETIC_ID_MAP,1.0
PAI-00538,PAI26-100537,OCMS-2023-10537,PMG-50537,EXACT_SYNTHETIC_ID_MAP,1.0
PAI-00539,PAI26-100538,OCMS-2024-10538,PMG-50538,EXACT_SYNTHETIC_ID_MAP,1.0
PAI-00540,PAI26-100539,OCMS-2018-10539,PMG-50539,EXACT_SYNTHETIC_ID_MAP,1.0
PAI-00541,PAI26-100540,OCMS-2019-10540,PMG-50540,EXACT_SYNTHETIC_ID_MAP,1.0
PAI-00542,PAI26-100541,OCMS-2020-10541,PMG-50541,EXACT_SYNTHETIC_ID_MAP,1.0
PAI-00543,PAI26-100542,OCMS-2021-10542,PMG-50542,EXACT_SYNTHETIC_ID_MAP,1.0
PAI-00544,PAI26-100543,OCMS-2022-10543,PMG-50543,EXACT_SYNTHETIC_ID_MAP,1.0
PAI-00545,PAI26-100544,OCMS-2023-10544,PMG-50544,EXACT_SYNTHETIC_ID_MAP,1.0
PAI-00546,PAI26-100545,OCMS-2024-10545,PMG-50545,EXACT_SYNTHETIC_ID_MAP,1.0
PAI-00547,PAI26-100546,OCMS-2018-10546,PMG-50546,EXACT_SYNTHETIC_ID_MAP,1.0
PAI-00548,PAI26-100547,OCMS-2019-10547,PMG-50547,EXACT_SYNTHETIC_ID_MAP,1.0
PAI-00549,PAI26-100548,OCMS-2020-10548,PMG-50548,EXACT_SYNTHETIC_ID_MAP,1.0
PAI-00550,PAI26-100549,OCMS-2021-10549,PMG-50549,EXACT_SYNTHETIC_ID_MAP,1.0
PAI-00551,PAI26-100550,OCMS-2022-10550,PMG-50550,EXACT_SYNTHETIC_ID_MAP,1.0
PAI-00552,PAI26-100551,OCMS-2023-10551,PMG-50551,EXACT_SYNTHETIC_ID_MAP,1.0
PAI-00553,PAI26-100552,OCMS-2024-10552,PMG-50552,EXACT_SYNTHETIC_ID_MAP,1.0
PAI-00554,PAI26-100553,OCMS-2018-10553,PMG-50553,EXACT_SYNTHETIC_ID_MAP,1.0
PAI-00555,PAI26-100554,OCMS-2019-10554,PMG-50554,EXACT_SYNTHETIC_ID_MAP,1.0
PAI-00556,PAI26-100555,OCMS-2020-10555,PMG-50555,EXACT_SYNTHETIC_ID_MAP,1.0
PAI-00557,PAI26-100556,OCMS-2021-10556,PMG-50556,EXACT_SYNTHETIC_ID_MAP,1.0
PAI-00558,PAI26-100557,OCMS-2022-10557,PMG-50557,EXACT_SYNTHETIC_ID_MAP,1.0
PAI-00559,PAI26-100558,OCMS-2023-10558,PMG-50558,EXACT_SYNTHETIC_ID_MAP,1.0
PAI-00560,PAI26-100559,OCMS-2024-10559,PMG-50559,EXACT_SYNTHETIC_ID_MAP,1.0
PAI-00561,PAI26-100560,OCMS-2018-10560,PMG-50560,EXACT_SYNTHETIC_ID_MAP,1.0
PAI-00562,PAI26-100561,OCMS-2019-10561,PMG-50561,EXACT_SYNTHETIC_ID_MAP,1.0
PAI-00563,PAI26-100562,OCMS-2020-10562,PMG-50562,EXACT_SYNTHETIC_ID_MAP,1.0
PAI-00564,PAI26-100563,OCMS-2021-10563,PMG-50563,EXACT_SYNTHETIC_ID_MAP,1.0
PAI-00565,PAI26-100564,OCMS-2022-10564,PMG-50564,EXACT_SYNTHETIC_ID_MAP,1.0
PAI-00566,PAI26-100565,OCMS-2023-10565,PMG-50565,EXACT_SYNTHETIC_ID_MAP,1.0
PAI-00567,PAI26-100566,OCMS-2024-10566,PMG-50566,EXACT_SYNTHETIC_ID_MAP,1.0
PAI-00568,PAI26-100567,OCMS-2018-10567,PMG-50567,EXACT_SYNTHETIC_ID_MAP,1.0
PAI-00569,PAI26-100568,OCMS-2019-10568,PMG-50568,EXACT_SYNTHETIC_ID_MAP,1.0
PAI-00570,PAI26-100569,OCMS-2020-10569,PMG-50569,EXACT_SYNTHETIC_ID_MAP,1.0
PAI-00571,PAI26-100570,OCMS-2021-10570,PMG-50570,EXACT_SYNTHETIC_ID_MAP,1.0
PAI-00572,PAI26-100571,OCMS-2022-10571,PMG-50571,EXACT_SYNTHETIC_ID_MAP,1.0
PAI-00573,PAI26-100572,OCMS-2023-10572,PMG-50572,EXACT_SYNTHETIC_ID_MAP,1.0
PAI-00574,PAI26-100573,OCMS-2024-10573,PMG-50573,EXACT_SYNTHETIC_ID_MAP,1.0
PAI-00575,PAI26-100574,OCMS-2018-10574,PMG-50574,EXACT_SYNTHETIC_ID_MAP,1.0
PAI-00576,PAI26-100575,OCMS-2019-10575,PMG-50575,EXACT_SYNTHETIC_ID_MAP,1.0
PAI-00577,PAI26-100576,OCMS-2020-10576,PMG-50576,EXACT_SYNTHETIC_ID_MAP,1.0
PAI-00578,PAI26-100577,OCMS-2021-10577,PMG-50577,EXACT_SYNTHETIC_ID_MAP,1.0
PAI-00579,PAI26-100578,OCMS-2022-10578,PMG-50578,EXACT_SYNTHETIC_ID_MAP,1.0
PAI-00580,PAI26-100579,OCMS-2023-10579,PMG-50579,EXACT_SYNTHETIC_ID_MAP,1.0
PAI-00581,PAI26-100580,OCMS-2024-10580,PMG-50580,EXACT_SYNTHETIC_ID_MAP,1.0
PAI-00582,PAI26-100581,OCMS-2018-10581,PMG-50581,EXACT_SYNTHETIC_ID_MAP,1.0
PAI-00583,PAI26-100582,OCMS-2019-10582,PMG-50582,EXACT_SYNTHETIC_ID_MAP,1.0
PAI-00584,PAI26-100583,OCMS-2020-10583,PMG-50583,EXACT_SYNTHETIC_ID_MAP,1.0
PAI-00585,PAI26-100584,OCMS-2021-10584,PMG-50584,EXACT_SYNTHETIC_ID_MAP,1.0
PAI-00586,PAI26-100585,OCMS-2022-10585,PMG-50585,EXACT_SYNTHETIC_ID_MAP,1.0
PAI-00587,PAI26-100586,OCMS-2023-10586,PMG-50586,EXACT_SYNTHETIC_ID_MAP,1.0
PAI-00588,PAI26-100587,OCMS-2024-10587,PMG-50587,EXACT_SYNTHETIC_ID_MAP,1.0
PAI-00589,PAI26-100588,OCMS-2018-10588,PMG-50588,EXACT_SYNTHETIC_ID_MAP,1.0
PAI-00590,PAI26-100589,OCMS-2019-10589,PMG-50589,EXACT_SYNTHETIC_ID_MAP,1.0
PAI-00591,PAI26-100590,OCMS-2020-10590,PMG-50590,EXACT_SYNTHETIC_ID_MAP,1.0
PAI-00592,PAI26-100591,OCMS-2021-10591,PMG-50591,EXACT_SYNTHETIC_ID_MAP,1.0
PAI-00593,PAI26-100592,OCMS-2022-10592,PMG-50592,EXACT_SYNTHETIC_ID_MAP,1.0
PAI-00594,PAI26-100593,OCMS-2023-10593,PMG-50593,EXACT_SYNTHETIC_ID_MAP,1.0
PAI-00595,PAI26-100594,OCMS-2024-10594,PMG-50594,EXACT_SYNTHETIC_ID_MAP,1.0
PAI-00596,PAI26-100595,OCMS-2018-10595,PMG-50595,EXACT_SYNTHETIC_ID_MAP,1.0
PAI-00597,PAI26-100596,OCMS-2019-10596,PMG-50596,EXACT_SYNTHETIC_ID_MAP,1.0
PAI-00598,PAI26-100597,OCMS-2020-10597,PMG-50597,EXACT_SYNTHETIC_ID_MAP,1.0
PAI-00599,PAI26-100598,OCMS-2021-10598,PMG-50598,EXACT_SYNTHETIC_ID_MAP,1.0
PAI-00600,PAI26-100599,OCMS-2022-10599,PMG-50599,EXACT_SYNTHETIC_ID_MAP,1.0
PAI-00601,PAI26-100600,OCMS-2023-10600,PMG-50600,EXACT_SYNTHETIC_ID_MAP,1.0
PAI-00602,PAI26-100601,OCMS-2024-10601,PMG-50601,EXACT_SYNTHETIC_ID_MAP,1.0
PAI-00603,PAI26-100602,OCMS-2018-10602,PMG-50602,EXACT_SYNTHETIC_ID_MAP,1.0
PAI-00604,PAI26-100603,OCMS-2019-10603,PMG-50603,EXACT_SYNTHETIC_ID_MAP,1.0
PAI-00605,PAI26-100604,OCMS-2020-10604,PMG-50604,EXACT_SYNTHETIC_ID_MAP,1.0
PAI-00606,PAI26-100605,OCMS-2021-10605,PMG-50605,EXACT_SYNTHETIC_ID_MAP,1.0
PAI-00607,PAI26-100606,OCMS-2022-10606,PMG-50606,EXACT_SYNTHETIC_ID_MAP,1.0
PAI-00608,PAI26-100607,OCMS-2023-10607,PMG-50607,EXACT_SYNTHETIC_ID_MAP,1.0
PAI-00609,PAI26-100608,OCMS-2024-10608,PMG-50608,EXACT_SYNTHETIC_ID_MAP,1.0
PAI-00610,PAI26-100609,OCMS-2018-10609,PMG-50609,EXACT_SYNTHETIC_ID_MAP,1.0
PAI-00611,PAI26-100610,OCMS-2019-10610,PMG-50610,EXACT_SYNTHETIC_ID_MAP,1.0
PAI-00612,PAI26-100611,OCMS-2020-10611,PMG-50611,EXACT_SYNTHETIC_ID_MAP,1.0
PAI-00613,PAI26-100612,OCMS-2021-10612,PMG-50612,EXACT_SYNTHETIC_ID_MAP,1.0
PAI-00614,PAI26-100613,OCMS-2022-10613,PMG-50613,EXACT_SYNTHETIC_ID_MAP,1.0
PAI-00615,PAI26-100614,OCMS-2023-10614,PMG-50614,EXACT_SYNTHETIC_ID_MAP,1.0
PAI-00616,PAI26-100615,OCMS-2024-10615,PMG-50615,EXACT_SYNTHETIC_ID_MAP,1.0
PAI-00617,PAI26-100616,OCMS-2018-10616,PMG-50616,EXACT_SYNTHETIC_ID_MAP,1.0
PAI-00618,PAI26-100617,OCMS-2019-10617,PMG-50617,EXACT_SYNTHETIC_ID_MAP,1.0
PAI-00619,PAI26-100618,OCMS-2020-10618,PMG-50618,EXACT_SYNTHETIC_ID_MAP,1.0
PAI-00620,PAI26-100619,OCMS-2021-10619,PMG-50619,EXACT_SYNTHETIC_ID_MAP,1.0
PAI-00621,PAI26-100620,OCMS-2022-10620,PMG-50620,EXACT_SYNTHETIC_ID_MAP,1.0
PAI-00622,PAI26-100621,OCMS-2023-10621,PMG-50621,EXACT_SYNTHETIC_ID_MAP,1.0
PAI-00623,PAI26-100622,OCMS-2024-10622,PMG-50622,EXACT_SYNTHETIC_ID_MAP,1.0
PAI-00624,PAI26-100623,OCMS-2018-10623,PMG-50623,EXACT_SYNTHETIC_ID_MAP,1.0
PAI-00625,PAI26-100624,OCMS-2019-10624,PMG-50624,EXACT_SYNTHETIC_ID_MAP,1.0
PAI-00626,PAI26-100625,OCMS-2020-10625,PMG-50625,EXACT_SYNTHETIC_ID_MAP,1.0
PAI-00627,PAI26-100626,OCMS-2021-10626,PMG-50626,EXACT_SYNTHETIC_ID_MAP,1.0
PAI-00628,PAI26-100627,OCMS-2022-10627,PMG-50627,EXACT_SYNTHETIC_ID_MAP,1.0
PAI-00629,PAI26-100628,OCMS-2023-10628,PMG-50628,EXACT_SYNTHETIC_ID_MAP,1.0
PAI-00630,PAI26-100629,OCMS-2024-10629,PMG-50629,EXACT_SYNTHETIC_ID_MAP,1.0
PAI-00631,PAI26-100630,OCMS-2018-10630,PMG-50630,EXACT_SYNTHETIC_ID_MAP,1.0
PAI-00632,PAI26-100631,OCMS-2019-10631,PMG-50631,EXACT_SYNTHETIC_ID_MAP,1.0
PAI-00633,PAI26-100632,OCMS-2020-10632,PMG-50632,EXACT_SYNTHETIC_ID_MAP,1.0
PAI-00634,PAI26-100633,OCMS-2021-10633,PMG-50633,EXACT_SYNTHETIC_ID_MAP,1.0
PAI-00635,PAI26-100634,OCMS-2022-10634,PMG-50634,EXACT_SYNTHETIC_ID_MAP,1.0
PAI-00636,PAI26-100635,OCMS-2023-10635,PMG-50635,EXACT_SYNTHETIC_ID_MAP,1.0
PAI-00637,PAI26-100636,OCMS-2024-10636,PMG-50636,EXACT_SYNTHETIC_ID_MAP,1.0
PAI-00638,PAI26-100637,OCMS-2018-10637,PMG-50637,EXACT_SYNTHETIC_ID_MAP,1.0
PAI-00639,PAI26-100638,OCMS-2019-10638,PMG-50638,EXACT_SYNTHETIC_ID_MAP,1.0
PAI-00640,PAI26-100639,OCMS-2020-10639,PMG-50639,EXACT_SYNTHETIC_ID_MAP,1.0
PAI-00641,PAI26-100640,OCMS-2021-10640,PMG-50640,EXACT_SYNTHETIC_ID_MAP,1.0
PAI-00642,PAI26-100641,OCMS-2022-10641,PMG-50641,EXACT_SYNTHETIC_ID_MAP,1.0
PAI-00643,PAI26-100642,OCMS-2023-10642,PMG-50642,EXACT_SYNTHETIC_ID_MAP,1.0
PAI-00644,PAI26-100643,OCMS-2024-10643,PMG-50643,EXACT_SYNTHETIC_ID_MAP,1.0
PAI-00645,PAI26-100644,OCMS-2018-10644,PMG-50644,EXACT_SYNTHETIC_ID_MAP,1.0
PAI-00646,PAI26-100645,OCMS-2019-10645,PMG-50645,EXACT_SYNTHETIC_ID_MAP,1.0
PAI-00647,PAI26-100646,OCMS-2020-10646,PMG-50646,EXACT_SYNTHETIC_ID_MAP,1.0
PAI-00648,PAI26-100647,OCMS-2021-10647,PMG-50647,EXACT_SYNTHETIC_ID_MAP,1.0
PAI-00649,PAI26-100648,OCMS-2022-10648,PMG-50648,EXACT_SYNTHETIC_ID_MAP,1.0
PAI-00650,PAI26-100649,OCMS-2023-10649,PMG-50649,EXACT_SYNTHETIC_ID_MAP,1.0
PAI-00651,PAI26-100650,OCMS-2024-10650,PMG-50650,EXACT_SYNTHETIC_ID_MAP,1.0
PAI-00652,PAI26-100651,OCMS-2018-10651,PMG-50651,EXACT_SYNTHETIC_ID_MAP,1.0
PAI-00653,PAI26-100652,OCMS-2019-10652,PMG-50652,EXACT_SYNTHETIC_ID_MAP,1.0
PAI-00654,PAI26-100653,OCMS-2020-10653,PMG-50653,EXACT_SYNTHETIC_ID_MAP,1.0
PAI-00655,PAI26-100654,OCMS-2021-10654,PMG-50654,EXACT_SYNTHETIC_ID_MAP,1.0
PAI-00656,PAI26-100655,OCMS-2022-10655,PMG-50655,EXACT_SYNTHETIC_ID_MAP,1.0
PAI-00657,PAI26-100656,OCMS-2023-10656,PMG-50656,EXACT_SYNTHETIC_ID_MAP,1.0
PAI-00658,PAI26-100657,OCMS-2024-10657,PMG-50657,EXACT_SYNTHETIC_ID_MAP,1.0
PAI-00659,PAI26-100658,OCMS-2018-10658,PMG-50658,EXACT_SYNTHETIC_ID_MAP,1.0
PAI-00660,PAI26-100659,OCMS-2019-10659,PMG-50659,EXACT_SYNTHETIC_ID_MAP,1.0
PAI-00661,PAI26-100660,OCMS-2020-10660,PMG-50660,EXACT_SYNTHETIC_ID_MAP,1.0
PAI-00662,PAI26-100661,OCMS-2021-10661,PMG-50661,EXACT_SYNTHETIC_ID_MAP,1.0
PAI-00663,PAI26-100662,OCMS-2022-10662,PMG-50662,EXACT_SYNTHETIC_ID_MAP,1.0
PAI-00664,PAI26-100663,OCMS-2023-10663,PMG-50663,EXACT_SYNTHETIC_ID_MAP,1.0
PAI-00665,PAI26-100664,OCMS-2024-10664,PMG-50664,EXACT_SYNTHETIC_ID_MAP,1.0
PAI-00666,PAI26-100665,OCMS-2018-10665,PMG-50665,EXACT_SYNTHETIC_ID_MAP,1.0
PAI-00667,PAI26-100666,OCMS-2019-10666,PMG-50666,EXACT_SYNTHETIC_ID_MAP,1.0
PAI-00668,PAI26-100667,OCMS-2020-10667,PMG-50667,EXACT_SYNTHETIC_ID_MAP,1.0
PAI-00669,PAI26-100668,OCMS-2021-10668,PMG-50668,EXACT_SYNTHETIC_ID_MAP,1.0
PAI-00670,PAI26-100669,OCMS-2022-10669,PMG-50669,EXACT_SYNTHETIC_ID_MAP,1.0
PAI-00671,PAI26-100670,OCMS-2023-10670,PMG-50670,EXACT_SYNTHETIC_ID_MAP,1.0
PAI-00672,PAI26-100671,OCMS-2024-10671,PMG-50671,EXACT_SYNTHETIC_ID_MAP,1.0
PAI-00673,PAI26-100672,OCMS-2018-10672,PMG-50672,EXACT_SYNTHETIC_ID_MAP,1.0
PAI-00674,PAI26-100673,OCMS-2019-10673,PMG-50673,EXACT_SYNTHETIC_ID_MAP,1.0
PAI-00675,PAI26-100674,OCMS-2020-10674,PMG-50674,EXACT_SYNTHETIC_ID_MAP,1.0
PAI-00676,PAI26-100675,OCMS-2021-10675,PMG-50675,EXACT_SYNTHETIC_ID_MAP,1.0
PAI-00677,PAI26-100676,OCMS-2022-10676,PMG-50676,EXACT_SYNTHETIC_ID_MAP,1.0
PAI-00678,PAI26-100677,OCMS-2023-10677,PMG-50677,EXACT_SYNTHETIC_ID_MAP,1.0
PAI-00679,PAI26-100678,OCMS-2024-10678,PMG-50678,EXACT_SYNTHETIC_ID_MAP,1.0
PAI-00680,PAI26-100679,OCMS-2018-10679,PMG-50679,EXACT_SYNTHETIC_ID_MAP,1.0
PAI-00681,PAI26-100680,OCMS-2019-10680,PMG-50680,EXACT_SYNTHETIC_ID_MAP,1.0
PAI-00682,PAI26-100681,OCMS-2020-10681,PMG-50681,EXACT_SYNTHETIC_ID_MAP,1.0
PAI-00683,PAI26-100682,OCMS-2021-10682,PMG-50682,EXACT_SYNTHETIC_ID_MAP,1.0
PAI-00684,PAI26-100683,OCMS-2022-10683,PMG-50683,EXACT_SYNTHETIC_ID_MAP,1.0
PAI-00685,PAI26-100684,OCMS-2023-10684,PMG-50684,EXACT_SYNTHETIC_ID_MAP,1.0
PAI-00686,PAI26-100685,OCMS-2024-10685,PMG-50685,EXACT_SYNTHETIC_ID_MAP,1.0
PAI-00687,PAI26-100686,OCMS-2018-10686,PMG-50686,EXACT_SYNTHETIC_ID_MAP,1.0
PAI-00688,PAI26-100687,OCMS-2019-10687,PMG-50687,EXACT_SYNTHETIC_ID_MAP,1.0
PAI-00689,PAI26-100688,OCMS-2020-10688,PMG-50688,EXACT_SYNTHETIC_ID_MAP,1.0
PAI-00690,PAI26-100689,OCMS-2021-10689,PMG-50689,EXACT_SYNTHETIC_ID_MAP,1.0
PAI-00691,PAI26-100690,OCMS-2022-10690,PMG-50690,EXACT_SYNTHETIC_ID_MAP,1.0
PAI-00692,PAI26-100691,OCMS-2023-10691,PMG-50691,EXACT_SYNTHETIC_ID_MAP,1.0
PAI-00693,PAI26-100692,OCMS-2024-10692,PMG-50692,EXACT_SYNTHETIC_ID_MAP,1.0
PAI-00694,PAI26-100693,OCMS-2018-10693,PMG-50693,EXACT_SYNTHETIC_ID_MAP,1.0
PAI-00695,PAI26-100694,OCMS-2019-10694,PMG-50694,EXACT_SYNTHETIC_ID_MAP,1.0
PAI-00696,PAI26-100695,OCMS-2020-10695,PMG-50695,EXACT_SYNTHETIC_ID_MAP,1.0
PAI-00697,PAI26-100696,OCMS-2021-10696,PMG-50696,EXACT_SYNTHETIC_ID_MAP,1.0
PAI-00698,PAI26-100697,OCMS-2022-10697,PMG-50697,EXACT_SYNTHETIC_ID_MAP,1.0
PAI-00699,PAI26-100698,OCMS-2023-10698,PMG-50698,EXACT_SYNTHETIC_ID_MAP,1.0
PAI-00700,PAI26-100699,OCMS-2024-10699,PMG-50699,EXACT_SYNTHETIC_ID_MAP,1.0
PAI-00701,PAI26-100700,OCMS-2018-10700,PMG-50700,EXACT_SYNTHETIC_ID_MAP,1.0
PAI-00702,PAI26-100701,OCMS-2019-10701,PMG-50701,EXACT_SYNTHETIC_ID_MAP,1.0
PAI-00703,PAI26-100702,OCMS-2020-10702,PMG-50702,EXACT_SYNTHETIC_ID_MAP,1.0
PAI-00704,PAI26-100703,OCMS-2021-10703,PMG-50703,EXACT_SYNTHETIC_ID_MAP,1.0
PAI-00705,PAI26-100704,OCMS-2022-10704,PMG-50704,EXACT_SYNTHETIC_ID_MAP,1.0
PAI-00706,PAI26-100705,OCMS-2023-10705,PMG-50705,EXACT_SYNTHETIC_ID_MAP,1.0
PAI-00707,PAI26-100706,OCMS-2024-10706,PMG-50706,EXACT_SYNTHETIC_ID_MAP,1.0
PAI-00708,PAI26-100707,OCMS-2018-10707,PMG-50707,EXACT_SYNTHETIC_ID_MAP,1.0
PAI-00709,PAI26-100708,OCMS-2019-10708,PMG-50708,EXACT_SYNTHETIC_ID_MAP,1.0
PAI-00710,PAI26-100709,OCMS-2020-10709,PMG-50709,EXACT_SYNTHETIC_ID_MAP,1.0
PAI-00711,PAI26-100710,OCMS-2021-10710,PMG-50710,EXACT_SYNTHETIC_ID_MAP,1.0
PAI-00712,PAI26-100711,OCMS-2022-10711,PMG-50711,EXACT_SYNTHETIC_ID_MAP,1.0
PAI-00713,PAI26-100712,OCMS-2023-10712,PMG-50712,EXACT_SYNTHETIC_ID_MAP,1.0
PAI-00714,PAI26-100713,OCMS-2024-10713,PMG-50713,EXACT_SYNTHETIC_ID_MAP,1.0
PAI-00715,PAI26-100714,OCMS-2018-10714,PMG-50714,EXACT_SYNTHETIC_ID_MAP,1.0
PAI-00716,PAI26-100715,OCMS-2019-10715,PMG-50715,EXACT_SYNTHETIC_ID_MAP,1.0
PAI-00717,PAI26-100716,OCMS-2020-10716,PMG-50716,EXACT_SYNTHETIC_ID_MAP,1.0
PAI-00718,PAI26-100717,OCMS-2021-10717,PMG-50717,EXACT_SYNTHETIC_ID_MAP,1.0
PAI-00719,PAI26-100718,OCMS-2022-10718,PMG-50718,EXACT_SYNTHETIC_ID_MAP,1.0
PAI-00720,PAI26-100719,OCMS-2023-10719,PMG-50719,EXACT_SYNTHETIC_ID_MAP,1.0
PAI-00721,PAI26-100720,OCMS-2024-10720,PMG-50720,EXACT_SYNTHETIC_ID_MAP,1.0
PAI-00722,PAI26-100721,OCMS-2018-10721,PMG-50721,EXACT_SYNTHETIC_ID_MAP,1.0
PAI-00723,PAI26-100722,OCMS-2019-10722,PMG-50722,EXACT_SYNTHETIC_ID_MAP,1.0
PAI-00724,PAI26-100723,OCMS-2020-10723,PMG-50723,EXACT_SYNTHETIC_ID_MAP,1.0
PAI-00725,PAI26-100724,OCMS-2021-10724,PMG-50724,EXACT_SYNTHETIC_ID_MAP,1.0
PAI-00726,PAI26-100725,OCMS-2022-10725,PMG-50725,EXACT_SYNTHETIC_ID_MAP,1.0
PAI-00727,PAI26-100726,OCMS-2023-10726,PMG-50726,EXACT_SYNTHETIC_ID_MAP,1.0
PAI-00728,PAI26-100727,OCMS-2024-10727,PMG-50727,EXACT_SYNTHETIC_ID_MAP,1.0
PAI-00729,PAI26-100728,OCMS-2018-10728,PMG-50728,EXACT_SYNTHETIC_ID_MAP,1.0
PAI-00730,PAI26-100729,OCMS-2019-10729,PMG-50729,EXACT_SYNTHETIC_ID_MAP,1.0
PAI-00731,PAI26-100730,OCMS-2020-10730,PMG-50730,EXACT_SYNTHETIC_ID_MAP,1.0
PAI-00732,PAI26-100731,OCMS-2021-10731,PMG-50731,EXACT_SYNTHETIC_ID_MAP,1.0
PAI-00733,PAI26-100732,OCMS-2022-10732,PMG-50732,EXACT_SYNTHETIC_ID_MAP,1.0
PAI-00734,PAI26-100733,OCMS-2023-10733,PMG-50733,EXACT_SYNTHETIC_ID_MAP,1.0
PAI-00735,PAI26-100734,OCMS-2024-10734,PMG-50734,EXACT_SYNTHETIC_ID_MAP,1.0
PAI-00736,PAI26-100735,OCMS-2018-10735,PMG-50735,EXACT_SYNTHETIC_ID_MAP,1.0
PAI-00737,PAI26-100736,OCMS-2019-10736,PMG-50736,EXACT_SYNTHETIC_ID_MAP,1.0
PAI-00738,PAI26-100737,OCMS-2020-10737,PMG-50737,EXACT_SYNTHETIC_ID_MAP,1.0
PAI-00739,PAI26-100738,OCMS-2021-10738,PMG-50738,EXACT_SYNTHETIC_ID_MAP,1.0
PAI-00740,PAI26-100739,OCMS-2022-10739,PMG-50739,EXACT_SYNTHETIC_ID_MAP,1.0
PAI-00741,PAI26-100740,OCMS-2023-10740,PMG-50740,EXACT_SYNTHETIC_ID_MAP,1.0
PAI-00742,PAI26-100741,OCMS-2024-10741,PMG-50741,EXACT_SYNTHETIC_ID_MAP,1.0
PAI-00743,PAI26-100742,OCMS-2018-10742,PMG-50742,EXACT_SYNTHETIC_ID_MAP,1.0
PAI-00744,PAI26-100743,OCMS-2019-10743,PMG-50743,EXACT_SYNTHETIC_ID_MAP,1.0
PAI-00745,PAI26-100744,OCMS-2020-10744,PMG-50744,EXACT_SYNTHETIC_ID_MAP,1.0
PAI-00746,PAI26-100745,OCMS-2021-10745,PMG-50745,EXACT_SYNTHETIC_ID_MAP,1.0
PAI-00747,PAI26-100746,OCMS-2022-10746,PMG-50746,EXACT_SYNTHETIC_ID_MAP,1.0
PAI-00748,PAI26-100747,OCMS-2023-10747,PMG-50747,EXACT_SYNTHETIC_ID_MAP,1.0
PAI-00749,PAI26-100748,OCMS-2024-10748,PMG-50748,EXACT_SYNTHETIC_ID_MAP,1.0
PAI-00750,PAI26-100749,OCMS-2018-10749,PMG-50749,EXACT_SYNTHETIC_ID_MAP,1.0
