source_id,source_document,source_url,extraction_date,source_version
SRC-SYN-00001,SIH26103 Synthetic Project Monitoring Dataset,,2026-09-06,1.0
SRC-SYN-00002,SIH26103 Synthetic Project Monitoring Dataset,,2026-09-06,1.0
SRC-SYN-00003,SIH26103 Synthetic Project Monitoring Dataset,,2026-09-06,1.0
SRC-SYN-00004,SIH26103 Synthetic Project Monitoring Dataset,,2026-09-06,1.0
SRC-SYN-00005,SIH26103 Synthetic Project Monitoring Dataset,,2026-09-06,1.0
SRC-SYN-00006,SIH26103 Synthetic Project Monitoring Dataset,,2026-09-06,1.0
SRC-SYN-00007,SIH26103 Synthetic Project Monitoring Dataset,,2026-09-06,1.0
SRC-SYN-00008,SIH26103 Synthetic Project Monitoring Dataset,,2026-09-06,1.0
SRC-SYN-00009,SIH26103 Synthetic Project Monitoring Dataset,,2026-09-06,1.0
SRC-SYN-00010,SIH26103 Synthetic Project Monitoring Dataset,,2026-09-06,1.0
SRC-SYN-00011,SIH26103 Synthetic Project Monitoring Dataset,,2026-09-06,1.0
SRC-SYN-00012,SIH26103 Synthetic Project Monitoring Dataset,,2026-09-06,1.0
SRC-SYN-00013,SIH26103 Synthetic Project Monitoring Dataset,,2026-09-06,1.0
SRC-SYN-00014,SIH26103 Synthetic Project Monitoring Dataset,,2026-09-06,1.0
SRC-SYN-00015,SIH26103 Synthetic Project Monitoring Dataset,,2026-09-06,1.0
SRC-SYN-00016,SIH26103 Synthetic Project Monitoring Dataset,,2026-09-06,1.0
SRC-SYN-00017,SIH26103 Synthetic Project Monitoring Dataset,,2026-09-06,1.0
SRC-SYN-00018,SIH26103 Synthetic Project Monitoring Dataset,,2026-09-06,1.0
SRC-SYN-00019,SIH26103 Synthetic Project Monitoring Dataset,,2026-09-06,1.0
SRC-SYN-00020,SIH26103 Synthetic Project Monitoring Dataset,,2026-09-06,1.0
SRC-SYN-00021,SIH26103 Synthetic Project Monitoring Dataset,,2026-09-06,1.0
SRC-SYN-00022,SIH26103 Synthetic Project Monitoring Dataset,,2026-09-06,1.0
SRC-SYN-00023,SIH26103 Synthetic Project Monitoring Dataset,,2026-09-06,1.0
SRC-SYN-00024,SIH26103 Synthetic Project Monitoring Dataset,,2026-09-06,1.0
SRC-SYN-00025,SIH26103 Synthetic Project Monitoring Dataset,,2026-09-06,1.0
SRC-SYN-00026,SIH26103 Synthetic Project Monitoring Dataset,,2026-09-06,1.0
SRC-SYN-00027,SIH26103 Synthetic Project Monitoring Dataset,,2026-09-06,1.0
SRC-SYN-00028,SIH26103 Synthetic Project Monitoring Dataset,,2026-09-06,1.0
SRC-SYN-00029,SIH26103 Synthetic Project Monitoring Dataset,,2026-09-06,1.0
SRC-SYN-00030,SIH26103 Synthetic Project Monitoring Dataset,,2026-09-06,1.0
SRC-SYN-00031,SIH26103 Synthetic Project Monitoring Dataset,,2026-09-06,1.0
SRC-SYN-00032,SIH26103 Synthetic Project Monitoring Dataset,,2026-09-06,1.0
SRC-SYN-00033,SIH26103 Synthetic Project Monitoring Dataset,,2026-09-06,1.0
SRC-SYN-00034,SIH26103 Synthetic Project Monitoring Dataset,,2026-09-06,1.0
SRC-SYN-00035,SIH26103 Synthetic Project Monitoring Dataset,,2026-09-06,1.0
SRC-SYN-00036,SIH26103 Synthetic Project Monitoring Dataset,,2026-09-06,1.0
SRC-SYN-00037,SIH26103 Synthetic Project Monitoring Dataset,,2026-09-06,1.0
SRC-SYN-00038,SIH26103 Synthetic Project Monitoring Dataset,,2026-09-06,1.0
SRC-SYN-00039,SIH26103 Synthetic Project Monitoring Dataset,,2026-09-06,1.0
SRC-SYN-00040,SIH26103 Synthetic Project Monitoring Dataset,,2026-09-06,1.0
SRC-SYN-00041,SIH26103 Synthetic Project Monitoring Dataset,,2026-09-06,1.0
SRC-SYN-00042,SIH26103 Synthetic Project Monitoring Dataset,,2026-09-06,1.0
SRC-SYN-00043,SIH26103 Synthetic Project Monitoring Dataset,,2026-09-06,1.0
SRC-SYN-00044,SIH26103 Synthetic Project Monitoring Dataset,,2026-09-06,1.0
SRC-SYN-00045,SIH26103 Synthetic Project Monitoring Dataset,,2026-09-06,1.0
SRC-SYN-00046,SIH26103 Synthetic Project Monitoring Dataset,,2026-09-06,1.0
SRC-SYN-00047,SIH26103 Synthetic Project Monitoring Dataset,,2026-09-06,1.0
SRC-SYN-00048,SIH26103 Synthetic Project Monitoring Dataset,,2026-09-06,1.0
SRC-SYN-00049,SIH26103 Synthetic Project Monitoring Dataset,,2026-09-06,1.0
SRC-SYN-00050,SIH26103 Synthetic Project Monitoring Dataset,,2026-09-06,1.0
SRC-SYN-00051,SIH26103 Synthetic Project Monitoring Dataset,,2026-09-06,1.0
SRC-SYN-00052,SIH26103 Synthetic Project Monitoring Dataset,,2026-09-06,1.0
SRC-SYN-00053,SIH26103 Synthetic Project Monitoring Dataset,,2026-09-06,1.0
SRC-SYN-00054,SIH26103 Synthetic Project Monitoring Dataset,,2026-09-06,1.0
SRC-SYN-00055,SIH26103 Synthetic Project Monitoring Dataset,,2026-09-06,1.0
SRC-SYN-00056,SIH26103 Synthetic Project Monitoring Dataset,,2026-09-06,1.0
SRC-SYN-00057,SIH26103 Synthetic Project Monitoring Dataset,,2026-09-06,1.0
SRC-SYN-00058,SIH26103 Synthetic Project Monitoring Dataset,,2026-09-06,1.0
SRC-SYN-00059,SIH26103 Synthetic Project Monitoring Dataset,,2026-09-06,1.0
SRC-SYN-00060,SIH26103 Synthetic Project Monitoring Dataset,,2026-09-06,1.0
SRC-SYN-00061,SIH26103 Synthetic Project Monitoring Dataset,,2026-09-06,1.0
SRC-SYN-00062,SIH26103 Synthetic Project Monitoring Dataset,,2026-09-06,1.0
SRC-SYN-00063,SIH26103 Synthetic Project Monitoring Dataset,,2026-09-06,1.0
SRC-SYN-00064,SIH26103 Synthetic Project Monitoring Dataset,,2026-09-06,1.0
SRC-SYN-00065,SIH26103 Synthetic Project Monitoring Dataset,,2026-09-06,1.0
SRC-SYN-00066,SIH26103 Synthetic Project Monitoring Dataset,,2026-09-06,1.0
SRC-SYN-00067,SIH26103 Synthetic Project Monitoring Dataset,,2026-09-06,1.0
SRC-SYN-00068,SIH26103 Synthetic Project Monitoring Dataset,,2026-09-06,1.0
SRC-SYN-00069,SIH26103 Synthetic Project Monitoring Dataset,,2026-09-06,1.0
SRC-SYN-00070,SIH26103 Synthetic Project Monitoring Dataset,,2026-09-06,1.0
SRC-SYN-00071,SIH26103 Synthetic Project Monitoring Dataset,,2026-09-06,1.0
SRC-SYN-00072,SIH26103 Synthetic Project Monitoring Dataset,,2026-09-06,1.0
SRC-SYN-00073,SIH26103 Synthetic Project Monitoring Dataset,,2026-09-06,1.0
SRC-SYN-00074,SIH26103 Synthetic Project Monitoring Dataset,,2026-09-06,1.0
SRC-SYN-00075,SIH26103 Synthetic Project Monitoring Dataset,,2026-09-06,1.0
SRC-SYN-00076,SIH26103 Synthetic Project Monitoring Dataset,,2026-09-06,1.0
SRC-SYN-00077,SIH26103 Synthetic Project Monitoring Dataset,,2026-09-06,1.0
SRC-SYN-00078,SIH26103 Synthetic Project Monitoring Dataset,,2026-09-06,1.0
SRC-SYN-00079,SIH26103 Synthetic Project Monitoring Dataset,,2026-09-06,1.0
SRC-SYN-00080,SIH26103 Synthetic Project Monitoring Dataset,,2026-09-06,1.0
SRC-SYN-00081,SIH26103 Synthetic Project Monitoring Dataset,,2026-09-06,1.0
SRC-SYN-00082,SIH26103 Synthetic Project Monitoring Dataset,,2026-09-06,1.0
SRC-SYN-00083,SIH26103 Synthetic Project Monitoring Dataset,,2026-09-06,1.0
SRC-SYN-00084,SIH26103 Synthetic Project Monitoring Dataset,,2026-09-06,1.0
SRC-SYN-00085,SIH26103 Synthetic Project Monitoring Dataset,,2026-09-06,1.0
SRC-SYN-00086,SIH26103 Synthetic Project Monitoring Dataset,,2026-09-06,1.0
SRC-SYN-00087,SIH26103 Synthetic Project Monitoring Dataset,,2026-09-06,1.0
SRC-SYN-00088,SIH26103 Synthetic Project Monitoring Dataset,,2026-09-06,1.0
SRC-SYN-00089,SIH26103 Synthetic Project Monitoring Dataset,,2026-09-06,1.0
SRC-SYN-00090,SIH26103 Synthetic Project Monitoring Dataset,,2026-09-06,1.0
SRC-SYN-00091,SIH26103 Synthetic Project Monitoring Dataset,,2026-09-06,1.0
SRC-SYN-00092,SIH26103 Synthetic Project Monitoring Dataset,,2026-09-06,1.0
SRC-SYN-00093,SIH26103 Synthetic Project Monitoring Dataset,,2026-09-06,1.0
SRC-SYN-00094,SIH26103 Synthetic Project Monitoring Dataset,,2026-09-06,1.0
SRC-SYN-00095,SIH26103 Synthetic Project Monitoring Dataset,,2026-09-06,1.0
SRC-SYN-00096,SIH26103 Synthetic Project Monitoring Dataset,,2026-09-06,1.0
SRC-SYN-00097,SIH26103 Synthetic Project Monitoring Dataset,,2026-09-06,1.0
SRC-SYN-00098,SIH26103 Synthetic Project Monitoring Dataset,,2026-09-06,1.0
SRC-SYN-00099,SIH26103 Synthetic Project Monitoring Dataset,,2026-09-06,1.0
SRC-SYN-00100,SIH26103 Synthetic Project Monitoring Dataset,,2026-09-06,1.0
SRC-SYN-00101,SIH26103 Synthetic Project Monitoring Dataset,,2026-09-06,1.0
SRC-SYN-00102,SIH26103 Synthetic Project Monitoring Dataset,,2026-09-06,1.0
SRC-SYN-00103,SIH26103 Synthetic Project Monitoring Dataset,,2026-09-06,1.0
SRC-SYN-00104,SIH26103 Synthetic Project Monitoring Dataset,,2026-09-06,1.0
SRC-SYN-00105,SIH26103 Synthetic Project Monitoring Dataset,,2026-09-06,1.0
SRC-SYN-00106,SIH26103 Synthetic Project Monitoring Dataset,,2026-09-06,1.0
SRC-SYN-00107,SIH26103 Synthetic Project Monitoring Dataset,,2026-09-06,1.0
SRC-SYN-00108,SIH26103 Synthetic Project Monitoring Dataset,,2026-09-06,1.0
SRC-SYN-00109,SIH26103 Synthetic Project Monitoring Dataset,,2026-09-06,1.0
SRC-SYN-00110,SIH26103 Synthetic Project Monitoring Dataset,,2026-09-06,1.0
SRC-SYN-00111,SIH26103 Synthetic Project Monitoring Dataset,,2026-09-06,1.0
SRC-SYN-00112,SIH26103 Synthetic Project Monitoring Dataset,,2026-09-06,1.0
SRC-SYN-00113,SIH26103 Synthetic Project Monitoring Dataset,,2026-09-06,1.0
SRC-SYN-00114,SIH26103 Synthetic Project Monitoring Dataset,,2026-09-06,1.0
SRC-SYN-00115,SIH26103 Synthetic Project Monitoring Dataset,,2026-09-06,1.0
SRC-SYN-00116,SIH26103 Synthetic Project Monitoring Dataset,,2026-09-06,1.0
SRC-SYN-00117,SIH26103 Synthetic Project Monitoring Dataset,,2026-09-06,1.0
SRC-SYN-00118,SIH26103 Synthetic Project Monitoring Dataset,,2026-09-06,1.0
SRC-SYN-00119,SIH26103 Synthetic Project Monitoring Dataset,,2026-09-06,1.0
SRC-SYN-00120,SIH26103 Synthetic Project Monitoring Dataset,,2026-09-06,1.0
SRC-SYN-00121,SIH26103 Synthetic Project Monitoring Dataset,,2026-09-06,1.0
SRC-SYN-00122,SIH26103 Synthetic Project Monitoring Dataset,,2026-09-06,1.0
SRC-SYN-00123,SIH26103 Synthetic Project Monitoring Dataset,,2026-09-06,1.0
SRC-SYN-00124,SIH26103 Synthetic Project Monitoring Dataset,,2026-09-06,1.0
SRC-SYN-00125,SIH26103 Synthetic Project Monitoring Dataset,,2026-09-06,1.0
SRC-SYN-00126,SIH26103 Synthetic Project Monitoring Dataset,,2026-09-06,1.0
SRC-SYN-00127,SIH26103 Synthetic Project Monitoring Dataset,,2026-09-06,1.0
SRC-SYN-00128,SIH26103 Synthetic Project Monitoring Dataset,,2026-09-06,1.0
SRC-SYN-00129,SIH26103 Synthetic Project Monitoring Dataset,,2026-09-06,1.0
SRC-SYN-00130,SIH26103 Synthetic Project Monitoring Dataset,,2026-09-06,1.0
SRC-SYN-00131,SIH26103 Synthetic Project Monitoring Dataset,,2026-09-06,1.0
SRC-SYN-00132,SIH26103 Synthetic Project Monitoring Dataset,,2026-09-06,1.0
SRC-SYN-00133,SIH26103 Synthetic Project Monitoring Dataset,,2026-09-06,1.0
SRC-SYN-00134,SIH26103 Synthetic Project Monitoring Dataset,,2026-09-06,1.0
SRC-SYN-00135,SIH26103 Synthetic Project Monitoring Dataset,,2026-09-06,1.0
SRC-SYN-00136,SIH26103 Synthetic Project Monitoring Dataset,,2026-09-06,1.0
SRC-SYN-00137,SIH26103 Synthetic Project Monitoring Dataset,,2026-09-06,1.0
SRC-SYN-00138,SIH26103 Synthetic Project Monitoring Dataset,,2026-09-06,1.0
SRC-SYN-00139,SIH26103 Synthetic Project Monitoring Dataset,,2026-09-06,1.0
SRC-SYN-00140,SIH26103 Synthetic Project Monitoring Dataset,,2026-09-06,1.0
SRC-SYN-00141,SIH26103 Synthetic Project Monitoring Dataset,,2026-09-06,1.0
SRC-SYN-00142,SIH26103 Synthetic Project Monitoring Dataset,,2026-09-06,1.0
SRC-SYN-00143,SIH26103 Synthetic Project Monitoring Dataset,,2026-09-06,1.0
SRC-SYN-00144,SIH26103 Synthetic Project Monitoring Dataset,,2026-09-06,1.0
SRC-SYN-00145,SIH26103 Synthetic Project Monitoring Dataset,,2026-09-06,1.0
SRC-SYN-00146,SIH26103 Synthetic Project Monitoring Dataset,,2026-09-06,1.0
SRC-SYN-00147,SIH26103 Synthetic Project Monitoring Dataset,,2026-09-06,1.0
SRC-SYN-00148,SIH26103 Synthetic Project Monitoring Dataset,,2026-09-06,1.0
SRC-SYN-00149,SIH26103 Synthetic Project Monitoring Dataset,,2026-09-06,1.0
SRC-SYN-00150,SIH26103 Synthetic Project Monitoring Dataset,,2026-09-06,1.0
SRC-SYN-00151,SIH26103 Synthetic Project Monitoring Dataset,,2026-09-06,1.0
SRC-SYN-00152,SIH26103 Synthetic Project Monitoring Dataset,,2026-09-06,1.0
SRC-SYN-00153,SIH26103 Synthetic Project Monitoring Dataset,,2026-09-06,1.0
SRC-SYN-00154,SIH26103 Synthetic Project Monitoring Dataset,,2026-09-06,1.0
SRC-SYN-00155,SIH26103 Synthetic Project Monitoring Dataset,,2026-09-06,1.0
SRC-SYN-00156,SIH26103 Synthetic Project Monitoring Dataset,,2026-09-06,1.0
SRC-SYN-00157,SIH26103 Synthetic Project Monitoring Dataset,,2026-09-06,1.0
SRC-SYN-00158,SIH26103 Synthetic Project Monitoring Dataset,,2026-09-06,1.0
SRC-SYN-00159,SIH26103 Synthetic Project Monitoring Dataset,,2026-09-06,1.0
SRC-SYN-00160,SIH26103 Synthetic Project Monitoring Dataset,,2026-09-06,1.0
SRC-SYN-00161,SIH26103 Synthetic Project Monitoring Dataset,,2026-09-06,1.0
SRC-SYN-00162,SIH26103 Synthetic Project Monitoring Dataset,,2026-09-06,1.0
SRC-SYN-00163,SIH26103 Synthetic Project Monitoring Dataset,,2026-09-06,1.0
SRC-SYN-00164,SIH26103 Synthetic Project Monitoring Dataset,,2026-09-06,1.0
SRC-SYN-00165,SIH26103 Synthetic Project Monitoring Dataset,,2026-09-06,1.0
SRC-SYN-00166,SIH26103 Synthetic Project Monitoring Dataset,,2026-09-06,1.0
SRC-SYN-00167,SIH26103 Synthetic Project Monitoring Dataset,,2026-09-06,1.0
SRC-SYN-00168,SIH26103 Synthetic Project Monitoring Dataset,,2026-09-06,1.0
SRC-SYN-00169,SIH26103 Synthetic Project Monitoring Dataset,,2026-09-06,1.0
SRC-SYN-00170,SIH26103 Synthetic Project Monitoring Dataset,,2026-09-06,1.0
SRC-SYN-00171,SIH26103 Synthetic Project Monitoring Dataset,,2026-09-06,1.0
SRC-SYN-00172,SIH26103 Synthetic Project Monitoring Dataset,,2026-09-06,1.0
SRC-SYN-00173,SIH26103 Synthetic Project Monitoring Dataset,,2026-09-06,1.0
SRC-SYN-00174,SIH26103 Synthetic Project Monitoring Dataset,,2026-09-06,1.0
SRC-SYN-00175,SIH26103 Synthetic Project Monitoring Dataset,,2026-09-06,1.0
SRC-SYN-00176,SIH26103 Synthetic Project Monitoring Dataset,,2026-09-06,1.0
SRC-SYN-00177,SIH26103 Synthetic Project Monitoring Dataset,,2026-09-06,1.0
SRC-SYN-00178,SIH26103 Synthetic Project Monitoring Dataset,,2026-09-06,1.0
SRC-SYN-00179,SIH26103 Synthetic Project Monitoring Dataset,,2026-09-06,1.0
SRC-SYN-00180,SIH26103 Synthetic Project Monitoring Dataset,,2026-09-06,1.0
SRC-SYN-00181,SIH26103 Synthetic Project Monitoring Dataset,,2026-09-06,1.0
SRC-SYN-00182,SIH26103 Synthetic Project Monitoring Dataset,,2026-09-06,1.0
SRC-SYN-00183,SIH26103 Synthetic Project Monitoring Dataset,,2026-09-06,1.0
SRC-SYN-00184,SIH26103 Synthetic Project Monitoring Dataset,,2026-09-06,1.0
SRC-SYN-00185,SIH26103 Synthetic Project Monitoring Dataset,,2026-09-06,1.0
SRC-SYN-00186,SIH26103 Synthetic Project Monitoring Dataset,,2026-09-06,1.0
SRC-SYN-00187,SIH26103 Synthetic Project Monitoring Dataset,,2026-09-06,1.0
SRC-SYN-00188,SIH26103 Synthetic Project Monitoring Dataset,,2026-09-06,1.0
SRC-SYN-00189,SIH26103 Synthetic Project Monitoring Dataset,,2026-09-06,1.0
SRC-SYN-00190,SIH26103 Synthetic Project Monitoring Dataset,,2026-09-06,1.0
SRC-SYN-00191,SIH26103 Synthetic Project Monitoring Dataset,,2026-09-06,1.0
SRC-SYN-00192,SIH26103 Synthetic Project Monitoring Dataset,,2026-09-06,1.0
SRC-SYN-00193,SIH26103 Synthetic Project Monitoring Dataset,,2026-09-06,1.0
SRC-SYN-00194,SIH26103 Synthetic Project Monitoring Dataset,,2026-09-06,1.0
SRC-SYN-00195,SIH26103 Synthetic Project Monitoring Dataset,,2026-09-06,1.0
SRC-SYN-00196,SIH26103 Synthetic Project Monitoring Dataset,,2026-09-06,1.0
SRC-SYN-00197,SIH26103 Synthetic Project Monitoring Dataset,,2026-09-06,1.0
SRC-SYN-00198,SIH26103 Synthetic Project Monitoring Dataset,,2026-09-06,1.0
SRC-SYN-00199,SIH26103 Synthetic Project Monitoring Dataset,,2026-09-06,1.0
SRC-SYN-00200,SIH26103 Synthetic Project Monitoring Dataset,,2026-09-06,1.0
SRC-SYN-00201,SIH26103 Synthetic Project Monitoring Dataset,,2026-09-06,1.0
SRC-SYN-00202,SIH26103 Synthetic Project Monitoring Dataset,,2026-09-06,1.0
SRC-SYN-00203,SIH26103 Synthetic Project Monitoring Dataset,,2026-09-06,1.0
SRC-SYN-00204,SIH26103 Synthetic Project Monitoring Dataset,,2026-09-06,1.0
SRC-SYN-00205,SIH26103 Synthetic Project Monitoring Dataset,,2026-09-06,1.0
SRC-SYN-00206,SIH26103 Synthetic Project Monitoring Dataset,,2026-09-06,1.0
SRC-SYN-00207,SIH26103 Synthetic Project Monitoring Dataset,,2026-09-06,1.0
SRC-SYN-00208,SIH26103 Synthetic Project Monitoring Dataset,,2026-09-06,1.0
SRC-SYN-00209,SIH26103 Synthetic Project Monitoring Dataset,,2026-09-06,1.0
SRC-SYN-00210,SIH26103 Synthetic Project Monitoring Dataset,,2026-09-06,1.0
SRC-SYN-00211,SIH26103 Synthetic Project Monitoring Dataset,,2026-09-06,1.0
SRC-SYN-00212,SIH26103 Synthetic Project Monitoring Dataset,,2026-09-06,1.0
SRC-SYN-00213,SIH26103 Synthetic Project Monitoring Dataset,,2026-09-06,1.0
SRC-SYN-00214,SIH26103 Synthetic Project Monitoring Dataset,,2026-09-06,1.0
SRC-SYN-00215,SIH26103 Synthetic Project Monitoring Dataset,,2026-09-06,1.0
SRC-SYN-00216,SIH26103 Synthetic Project Monitoring Dataset,,2026-09-06,1.0
SRC-SYN-00217,SIH26103 Synthetic Project Monitoring Dataset,,2026-09-06,1.0
SRC-SYN-00218,SIH26103 Synthetic Project Monitoring Dataset,,2026-09-06,1.0
SRC-SYN-00219,SIH26103 Synthetic Project Monitoring Dataset,,2026-09-06,1.0
SRC-SYN-00220,SIH26103 Synthetic Project Monitoring Dataset,,2026-09-06,1.0
SRC-SYN-00221,SIH26103 Synthetic Project Monitoring Dataset,,2026-09-06,1.0
SRC-SYN-00222,SIH26103 Synthetic Project Monitoring Dataset,,2026-09-06,1.0
SRC-SYN-00223,SIH26103 Synthetic Project Monitoring Dataset,,2026-09-06,1.0
SRC-SYN-00224,SIH26103 Synthetic Project Monitoring Dataset,,2026-09-06,1.0
SRC-SYN-00225,SIH26103 Synthetic Project Monitoring Dataset,,2026-09-06,1.0
SRC-SYN-00226,SIH26103 Synthetic Project Monitoring Dataset,,2026-09-06,1.0
SRC-SYN-00227,SIH26103 Synthetic Project Monitoring Dataset,,2026-09-06,1.0
SRC-SYN-00228,SIH26103 Synthetic Project Monitoring Dataset,,2026-09-06,1.0
SRC-SYN-00229,SIH26103 Synthetic Project Monitoring Dataset,,2026-09-06,1.0
SRC-SYN-00230,SIH26103 Synthetic Project Monitoring Dataset,,2026-09-06,1.0
SRC-SYN-00231,SIH26103 Synthetic Project Monitoring Dataset,,2026-09-06,1.0
SRC-SYN-00232,SIH26103 Synthetic Project Monitoring Dataset,,2026-09-06,1.0
SRC-SYN-00233,SIH26103 Synthetic Project Monitoring Dataset,,2026-09-06,1.0
SRC-SYN-00234,SIH26103 Synthetic Project Monitoring Dataset,,2026-09-06,1.0
SRC-SYN-00235,SIH26103 Synthetic Project Monitoring Dataset,,2026-09-06,1.0
SRC-SYN-00236,SIH26103 Synthetic Project Monitoring Dataset,,2026-09-06,1.0
SRC-SYN-00237,SIH26103 Synthetic Project Monitoring Dataset,,2026-09-06,1.0
SRC-SYN-00238,SIH26103 Synthetic Project Monitoring Dataset,,2026-09-06,1.0
SRC-SYN-00239,SIH26103 Synthetic Project Monitoring Dataset,,2026-09-06,1.0
SRC-SYN-00240,SIH26103 Synthetic Project Monitoring Dataset,,2026-09-06,1.0
SRC-SYN-00241,SIH26103 Synthetic Project Monitoring Dataset,,2026-09-06,1.0
SRC-SYN-00242,SIH26103 Synthetic Project Monitoring Dataset,,2026-09-06,1.0
SRC-SYN-00243,SIH26103 Synthetic Project Monitoring Dataset,,2026-09-06,1.0
SRC-SYN-00244,SIH26103 Synthetic Project Monitoring Dataset,,2026-09-06,1.0
SRC-SYN-00245,SIH26103 Synthetic Project Monitoring Dataset,,2026-09-06,1.0
SRC-SYN-00246,SIH26103 Synthetic Project Monitoring Dataset,,2026-09-06,1.0
SRC-SYN-00247,SIH26103 Synthetic Project Monitoring Dataset,,2026-09-06,1.0
SRC-SYN-00248,SIH26103 Synthetic Project Monitoring Dataset,,2026-09-06,1.0
SRC-SYN-00249,SIH26103 Synthetic Project Monitoring Dataset,,2026-09-06,1.0
SRC-SYN-00250,SIH26103 Synthetic Project Monitoring Dataset,,2026-09-06,1.0
SRC-SYN-00251,SIH26103 Synthetic Project Monitoring Dataset,,2026-09-06,1.0
SRC-SYN-00252,SIH26103 Synthetic Project Monitoring Dataset,,2026-09-06,1.0
SRC-SYN-00253,SIH26103 Synthetic Project Monitoring Dataset,,2026-09-06,1.0
SRC-SYN-00254,SIH26103 Synthetic Project Monitoring Dataset,,2026-09-06,1.0
SRC-SYN-00255,SIH26103 Synthetic Project Monitoring Dataset,,2026-09-06,1.0
SRC-SYN-00256,SIH26103 Synthetic Project Monitoring Dataset,,2026-09-06,1.0
SRC-SYN-00257,SIH26103 Synthetic Project Monitoring Dataset,,2026-09-06,1.0
SRC-SYN-00258,SIH26103 Synthetic Project Monitoring Dataset,,2026-09-06,1.0
SRC-SYN-00259,SIH26103 Synthetic Project Monitoring Dataset,,2026-09-06,1.0
SRC-SYN-00260,SIH26103 Synthetic Project Monitoring Dataset,,2026-09-06,1.0
SRC-SYN-00261,SIH26103 Synthetic Project Monitoring Dataset,,2026-09-06,1.0
SRC-SYN-00262,SIH26103 Synthetic Project Monitoring Dataset,,2026-09-06,1.0
SRC-SYN-00263,SIH26103 Synthetic Project Monitoring Dataset,,2026-09-06,1.0
SRC-SYN-00264,SIH26103 Synthetic Project Monitoring Dataset,,2026-09-06,1.0
SRC-SYN-00265,SIH26103 Synthetic Project Monitoring Dataset,,2026-09-06,1.0
SRC-SYN-00266,SIH26103 Synthetic Project Monitoring Dataset,,2026-09-06,1.0
SRC-SYN-00267,SIH26103 Synthetic Project Monitoring Dataset,,2026-09-06,1.0
SRC-SYN-00268,SIH26103 Synthetic Project Monitoring Dataset,,2026-09-06,1.0
SRC-SYN-00269,SIH26103 Synthetic Project Monitoring Dataset,,2026-09-06,1.0
SRC-SYN-00270,SIH26103 Synthetic Project Monitoring Dataset,,2026-09-06,1.0
SRC-SYN-00271,SIH26103 Synthetic Project Monitoring Dataset,,2026-09-06,1.0
SRC-SYN-00272,SIH26103 Synthetic Project Monitoring Dataset,,2026-09-06,1.0
SRC-SYN-00273,SIH26103 Synthetic Project Monitoring Dataset,,2026-09-06,1.0
SRC-SYN-00274,SIH26103 Synthetic Project Monitoring Dataset,,2026-09-06,1.0
SRC-SYN-00275,SIH26103 Synthetic Project Monitoring Dataset,,2026-09-06,1.0
SRC-SYN-00276,SIH26103 Synthetic Project Monitoring Dataset,,2026-09-06,1.0
SRC-SYN-00277,SIH26103 Synthetic Project Monitoring Dataset,,2026-09-06,1.0
SRC-SYN-00278,SIH26103 Synthetic Project Monitoring Dataset,,2026-09-06,1.0
SRC-SYN-00279,SIH26103 Synthetic Project Monitoring Dataset,,2026-09-06,1.0
SRC-SYN-00280,SIH26103 Synthetic Project Monitoring Dataset,,2026-09-06,1.0
SRC-SYN-00281,SIH26103 Synthetic Project Monitoring Dataset,,2026-09-06,1.0
SRC-SYN-00282,SIH26103 Synthetic Project Monitoring Dataset,,2026-09-06,1.0
SRC-SYN-00283,SIH26103 Synthetic Project Monitoring Dataset,,2026-09-06,1.0
SRC-SYN-00284,SIH26103 Synthetic Project Monitoring Dataset,,2026-09-06,1.0
SRC-SYN-00285,SIH26103 Synthetic Project Monitoring Dataset,,2026-09-06,1.0
SRC-SYN-00286,SIH26103 Synthetic Project Monitoring Dataset,,2026-09-06,1.0
SRC-SYN-00287,SIH26103 Synthetic Project Monitoring Dataset,,2026-09-06,1.0
SRC-SYN-00288,SIH26103 Synthetic Project Monitoring Dataset,,2026-09-06,1.0
SRC-SYN-00289,SIH26103 Synthetic Project Monitoring Dataset,,2026-09-06,1.0
SRC-SYN-00290,SIH26103 Synthetic Project Monitoring Dataset,,2026-09-06,1.0
SRC-SYN-00291,SIH26103 Synthetic Project Monitoring Dataset,,2026-09-06,1.0
SRC-SYN-00292,SIH26103 Synthetic Project Monitoring Dataset,,2026-09-06,1.0
SRC-SYN-00293,SIH26103 Synthetic Project Monitoring Dataset,,2026-09-06,1.0
SRC-SYN-00294,SIH26103 Synthetic Project Monitoring Dataset,,2026-09-06,1.0
SRC-SYN-00295,SIH26103 Synthetic Project Monitoring Dataset,,2026-09-06,1.0
SRC-SYN-00296,SIH26103 Synthetic Project Monitoring Dataset,,2026-09-06,1.0
SRC-SYN-00297,SIH26103 Synthetic Project Monitoring Dataset,,2026-09-06,1.0
SRC-SYN-00298,SIH26103 Synthetic Project Monitoring Dataset,,2026-09-06,1.0
SRC-SYN-00299,SIH26103 Synthetic Project Monitoring Dataset,,2026-09-06,1.0
SRC-SYN-00300,SIH26103 Synthetic Project Monitoring Dataset,,2026-09-06,1.0
SRC-SYN-00301,SIH26103 Synthetic Project Monitoring Dataset,,2026-09-06,1.0
SRC-SYN-00302,SIH26103 Synthetic Project Monitoring Dataset,,2026-09-06,1.0
SRC-SYN-00303,SIH26103 Synthetic Project Monitoring Dataset,,2026-09-06,1.0
SRC-SYN-00304,SIH26103 Synthetic Project Monitoring Dataset,,2026-09-06,1.0
SRC-SYN-00305,SIH26103 Synthetic Project Monitoring Dataset,,2026-09-06,1.0
SRC-SYN-00306,SIH26103 Synthetic Project Monitoring Dataset,,2026-09-06,1.0
SRC-SYN-00307,SIH26103 Synthetic Project Monitoring Dataset,,2026-09-06,1.0
SRC-SYN-00308,SIH26103 Synthetic Project Monitoring Dataset,,2026-09-06,1.0
SRC-SYN-00309,SIH26103 Synthetic Project Monitoring Dataset,,2026-09-06,1.0
SRC-SYN-00310,SIH26103 Synthetic Project Monitoring Dataset,,2026-09-06,1.0
SRC-SYN-00311,SIH26103 Synthetic Project Monitoring Dataset,,2026-09-06,1.0
SRC-SYN-00312,SIH26103 Synthetic Project Monitoring Dataset,,2026-09-06,1.0
SRC-SYN-00313,SIH26103 Synthetic Project Monitoring Dataset,,2026-09-06,1.0
SRC-SYN-00314,SIH26103 Synthetic Project Monitoring Dataset,,2026-09-06,1.0
SRC-SYN-00315,SIH26103 Synthetic Project Monitoring Dataset,,2026-09-06,1.0
SRC-SYN-00316,SIH26103 Synthetic Project Monitoring Dataset,,2026-09-06,1.0
SRC-SYN-00317,SIH26103 Synthetic Project Monitoring Dataset,,2026-09-06,1.0
SRC-SYN-00318,SIH26103 Synthetic Project Monitoring Dataset,,2026-09-06,1.0
SRC-SYN-00319,SIH26103 Synthetic Project Monitoring Dataset,,2026-09-06,1.0
SRC-SYN-00320,SIH26103 Synthetic Project Monitoring Dataset,,2026-09-06,1.0
SRC-SYN-00321,SIH26103 Synthetic Project Monitoring Dataset,,2026-09-06,1.0
SRC-SYN-00322,SIH26103 Synthetic Project Monitoring Dataset,,2026-09-06,1.0
SRC-SYN-00323,SIH26103 Synthetic Project Monitoring Dataset,,2026-09-06,1.0
SRC-SYN-00324,SIH26103 Synthetic Project Monitoring Dataset,,2026-09-06,1.0
SRC-SYN-00325,SIH26103 Synthetic Project Monitoring Dataset,,2026-09-06,1.0
SRC-SYN-00326,SIH26103 Synthetic Project Monitoring Dataset,,2026-09-06,1.0
SRC-SYN-00327,SIH26103 Synthetic Project Monitoring Dataset,,2026-09-06,1.0
SRC-SYN-00328,SIH26103 Synthetic Project Monitoring Dataset,,2026-09-06,1.0
SRC-SYN-00329,SIH26103 Synthetic Project Monitoring Dataset,,2026-09-06,1.0
SRC-SYN-00330,SIH26103 Synthetic Project Monitoring Dataset,,2026-09-06,1.0
SRC-SYN-00331,SIH26103 Synthetic Project Monitoring Dataset,,2026-09-06,1.0
SRC-SYN-00332,SIH26103 Synthetic Project Monitoring Dataset,,2026-09-06,1.0
SRC-SYN-00333,SIH26103 Synthetic Project Monitoring Dataset,,2026-09-06,1.0
SRC-SYN-00334,SIH26103 Synthetic Project Monitoring Dataset,,2026-09-06,1.0
SRC-SYN-00335,SIH26103 Synthetic Project Monitoring Dataset,,2026-09-06,1.0
SRC-SYN-00336,SIH26103 Synthetic Project Monitoring Dataset,,2026-09-06,1.0
SRC-SYN-00337,SIH26103 Synthetic Project Monitoring Dataset,,2026-09-06,1.0
SRC-SYN-00338,SIH26103 Synthetic Project Monitoring Dataset,,2026-09-06,1.0
SRC-SYN-00339,SIH26103 Synthetic Project Monitoring Dataset,,2026-09-06,1.0
SRC-SYN-00340,SIH26103 Synthetic Project Monitoring Dataset,,2026-09-06,1.0
SRC-SYN-00341,SIH26103 Synthetic Project Monitoring Dataset,,2026-09-06,1.0
SRC-SYN-00342,SIH26103 Synthetic Project Monitoring Dataset,,2026-09-06,1.0
SRC-SYN-00343,SIH26103 Synthetic Project Monitoring Dataset,,2026-09-06,1.0
SRC-SYN-00344,SIH26103 Synthetic Project Monitoring Dataset,,2026-09-06,1.0
SRC-SYN-00345,SIH26103 Synthetic Project Monitoring Dataset,,2026-09-06,1.0
SRC-SYN-00346,SIH26103 Synthetic Project Monitoring Dataset,,2026-09-06,1.0
SRC-SYN-00347,SIH26103 Synthetic Project Monitoring Dataset,,2026-09-06,1.0
SRC-SYN-00348,SIH26103 Synthetic Project Monitoring Dataset,,2026-09-06,1.0
SRC-SYN-00349,SIH26103 Synthetic Project Monitoring Dataset,,2026-09-06,1.0
SRC-SYN-00350,SIH26103 Synthetic Project Monitoring Dataset,,2026-09-06,1.0
SRC-SYN-00351,SIH26103 Synthetic Project Monitoring Dataset,,2026-09-06,1.0
SRC-SYN-00352,SIH26103 Synthetic Project Monitoring Dataset,,2026-09-06,1.0
SRC-SYN-00353,SIH26103 Synthetic Project Monitoring Dataset,,2026-09-06,1.0
SRC-SYN-00354,SIH26103 Synthetic Project Monitoring Dataset,,2026-09-06,1.0
SRC-SYN-00355,SIH26103 Synthetic Project Monitoring Dataset,,2026-09-06,1.0
SRC-SYN-00356,SIH26103 Synthetic Project Monitoring Dataset,,2026-09-06,1.0
SRC-SYN-00357,SIH26103 Synthetic Project Monitoring Dataset,,2026-09-06,1.0
SRC-SYN-00358,SIH26103 Synthetic Project Monitoring Dataset,,2026-09-06,1.0
SRC-SYN-00359,SIH26103 Synthetic Project Monitoring Dataset,,2026-09-06,1.0
SRC-SYN-00360,SIH26103 Synthetic Project Monitoring Dataset,,2026-09-06,1.0
SRC-SYN-00361,SIH26103 Synthetic Project Monitoring Dataset,,2026-09-06,1.0
SRC-SYN-00362,SIH26103 Synthetic Project Monitoring Dataset,,2026-09-06,1.0
SRC-SYN-00363,SIH26103 Synthetic Project Monitoring Dataset,,2026-09-06,1.0
SRC-SYN-00364,SIH26103 Synthetic Project Monitoring Dataset,,2026-09-06,1.0
SRC-SYN-00365,SIH26103 Synthetic Project Monitoring Dataset,,2026-09-06,1.0
SRC-SYN-00366,SIH26103 Synthetic Project Monitoring Dataset,,2026-09-06,1.0
SRC-SYN-00367,SIH26103 Synthetic Project Monitoring Dataset,,2026-09-06,1.0
SRC-SYN-00368,SIH26103 Synthetic Project Monitoring Dataset,,2026-09-06,1.0
SRC-SYN-00369,SIH26103 Synthetic Project Monitoring Dataset,,2026-09-06,1.0
SRC-SYN-00370,SIH26103 Synthetic Project Monitoring Dataset,,2026-09-06,1.0
SRC-SYN-00371,SIH26103 Synthetic Project Monitoring Dataset,,2026-09-06,1.0
SRC-SYN-00372,SIH26103 Synthetic Project Monitoring Dataset,,2026-09-06,1.0
SRC-SYN-00373,SIH26103 Synthetic Project Monitoring Dataset,,2026-09-06,1.0
SRC-SYN-00374,SIH26103 Synthetic Project Monitoring Dataset,,2026-09-06,1.0
SRC-SYN-00375,SIH26103 Synthetic Project Monitoring Dataset,,2026-09-06,1.0
SRC-SYN-00376,SIH26103 Synthetic Project Monitoring Dataset,,2026-09-06,1.0
SRC-SYN-00377,SIH26103 Synthetic Project Monitoring Dataset,,2026-09-06,1.0
SRC-SYN-00378,SIH26103 Synthetic Project Monitoring Dataset,,2026-09-06,1.0
SRC-SYN-00379,SIH26103 Synthetic Project Monitoring Dataset,,2026-09-06,1.0
SRC-SYN-00380,SIH26103 Synthetic Project Monitoring Dataset,,2026-09-06,1.0
SRC-SYN-00381,SIH26103 Synthetic Project Monitoring Dataset,,2026-09-06,1.0
SRC-SYN-00382,SIH26103 Synthetic Project Monitoring Dataset,,2026-09-06,1.0
SRC-SYN-00383,SIH26103 Synthetic Project Monitoring Dataset,,2026-09-06,1.0
SRC-SYN-00384,SIH26103 Synthetic Project Monitoring Dataset,,2026-09-06,1.0
SRC-SYN-00385,SIH26103 Synthetic Project Monitoring Dataset,,2026-09-06,1.0
SRC-SYN-00386,SIH26103 Synthetic Project Monitoring Dataset,,2026-09-06,1.0
SRC-SYN-00387,SIH26103 Synthetic Project Monitoring Dataset,,2026-09-06,1.0
SRC-SYN-00388,SIH26103 Synthetic Project Monitoring Dataset,,2026-09-06,1.0
SRC-SYN-00389,SIH26103 Synthetic Project Monitoring Dataset,,2026-09-06,1.0
SRC-SYN-00390,SIH26103 Synthetic Project Monitoring Dataset,,2026-09-06,1.0
SRC-SYN-00391,SIH26103 Synthetic Project Monitoring Dataset,,2026-09-06,1.0
SRC-SYN-00392,SIH26103 Synthetic Project Monitoring Dataset,,2026-09-06,1.0
SRC-SYN-00393,SIH26103 Synthetic Project Monitoring Dataset,,2026-09-06,1.0
SRC-SYN-00394,SIH26103 Synthetic Project Monitoring Dataset,,2026-09-06,1.0
SRC-SYN-00395,SIH26103 Synthetic Project Monitoring Dataset,,2026-09-06,1.0
SRC-SYN-00396,SIH26103 Synthetic Project Monitoring Dataset,,2026-09-06,1.0
SRC-SYN-00397,SIH26103 Synthetic Project Monitoring Dataset,,2026-09-06,1.0
SRC-SYN-00398,SIH26103 Synthetic Project Monitoring Dataset,,2026-09-06,1.0
SRC-SYN-00399,SIH26103 Synthetic Project Monitoring Dataset,,2026-09-06,1.0
SRC-SYN-00400,SIH26103 Synthetic Project Monitoring Dataset,,2026-09-06,1.0
SRC-SYN-00401,SIH26103 Synthetic Project Monitoring Dataset,,2026-09-06,1.0
SRC-SYN-00402,SIH26103 Synthetic Project Monitoring Dataset,,2026-09-06,1.0
SRC-SYN-00403,SIH26103 Synthetic Project Monitoring Dataset,,2026-09-06,1.0
SRC-SYN-00404,SIH26103 Synthetic Project Monitoring Dataset,,2026-09-06,1.0
SRC-SYN-00405,SIH26103 Synthetic Project Monitoring Dataset,,2026-09-06,1.0
SRC-SYN-00406,SIH26103 Synthetic Project Monitoring Dataset,,2026-09-06,1.0
SRC-SYN-00407,SIH26103 Synthetic Project Monitoring Dataset,,2026-09-06,1.0
SRC-SYN-00408,SIH26103 Synthetic Project Monitoring Dataset,,2026-09-06,1.0
SRC-SYN-00409,SIH26103 Synthetic Project Monitoring Dataset,,2026-09-06,1.0
SRC-SYN-00410,SIH26103 Synthetic Project Monitoring Dataset,,2026-09-06,1.0
SRC-SYN-00411,SIH26103 Synthetic Project Monitoring Dataset,,2026-09-06,1.0
SRC-SYN-00412,SIH26103 Synthetic Project Monitoring Dataset,,2026-09-06,1.0
SRC-SYN-00413,SIH26103 Synthetic Project Monitoring Dataset,,2026-09-06,1.0
SRC-SYN-00414,SIH26103 Synthetic Project Monitoring Dataset,,2026-09-06,1.0
SRC-SYN-00415,SIH26103 Synthetic Project Monitoring Dataset,,2026-09-06,1.0
SRC-SYN-00416,SIH26103 Synthetic Project Monitoring Dataset,,2026-09-06,1.0
SRC-SYN-00417,SIH26103 Synthetic Project Monitoring Dataset,,2026-09-06,1.0
SRC-SYN-00418,SIH26103 Synthetic Project Monitoring Dataset,,2026-09-06,1.0
SRC-SYN-00419,SIH26103 Synthetic Project Monitoring Dataset,,2026-09-06,1.0
SRC-SYN-00420,SIH26103 Synthetic Project Monitoring Dataset,,2026-09-06,1.0
SRC-SYN-00421,SIH26103 Synthetic Project Monitoring Dataset,,2026-09-06,1.0
SRC-SYN-00422,SIH26103 Synthetic Project Monitoring Dataset,,2026-09-06,1.0
SRC-SYN-00423,SIH26103 Synthetic Project Monitoring Dataset,,2026-09-06,1.0
SRC-SYN-00424,SIH26103 Synthetic Project Monitoring Dataset,,2026-09-06,1.0
SRC-SYN-00425,SIH26103 Synthetic Project Monitoring Dataset,,2026-09-06,1.0
SRC-SYN-00426,SIH26103 Synthetic Project Monitoring Dataset,,2026-09-06,1.0
SRC-SYN-00427,SIH26103 Synthetic Project Monitoring Dataset,,2026-09-06,1.0
SRC-SYN-00428,SIH26103 Synthetic Project Monitoring Dataset,,2026-09-06,1.0
SRC-SYN-00429,SIH26103 Synthetic Project Monitoring Dataset,,2026-09-06,1.0
SRC-SYN-00430,SIH26103 Synthetic Project Monitoring Dataset,,2026-09-06,1.0
SRC-SYN-00431,SIH26103 Synthetic Project Monitoring Dataset,,2026-09-06,1.0
SRC-SYN-00432,SIH26103 Synthetic Project Monitoring Dataset,,2026-09-06,1.0
SRC-SYN-00433,SIH26103 Synthetic Project Monitoring Dataset,,2026-09-06,1.0
SRC-SYN-00434,SIH26103 Synthetic Project Monitoring Dataset,,2026-09-06,1.0
SRC-SYN-00435,SIH26103 Synthetic Project Monitoring Dataset,,2026-09-06,1.0
SRC-SYN-00436,SIH26103 Synthetic Project Monitoring Dataset,,2026-09-06,1.0
SRC-SYN-00437,SIH26103 Synthetic Project Monitoring Dataset,,2026-09-06,1.0
SRC-SYN-00438,SIH26103 Synthetic Project Monitoring Dataset,,2026-09-06,1.0
SRC-SYN-00439,SIH26103 Synthetic Project Monitoring Dataset,,2026-09-06,1.0
SRC-SYN-00440,SIH26103 Synthetic Project Monitoring Dataset,,2026-09-06,1.0
SRC-SYN-00441,SIH26103 Synthetic Project Monitoring Dataset,,2026-09-06,1.0
SRC-SYN-00442,SIH26103 Synthetic Project Monitoring Dataset,,2026-09-06,1.0
SRC-SYN-00443,SIH26103 Synthetic Project Monitoring Dataset,,2026-09-06,1.0
SRC-SYN-00444,SIH26103 Synthetic Project Monitoring Dataset,,2026-09-06,1.0
SRC-SYN-00445,SIH26103 Synthetic Project Monitoring Dataset,,2026-09-06,1.0
SRC-SYN-00446,SIH26103 Synthetic Project Monitoring Dataset,,2026-09-06,1.0
SRC-SYN-00447,SIH26103 Synthetic Project Monitoring Dataset,,2026-09-06,1.0
SRC-SYN-00448,SIH26103 Synthetic Project Monitoring Dataset,,2026-09-06,1.0
SRC-SYN-00449,SIH26103 Synthetic Project Monitoring Dataset,,2026-09-06,1.0
SRC-SYN-00450,SIH26103 Synthetic Project Monitoring Dataset,,2026-09-06,1.0
SRC-SYN-00451,SIH26103 Synthetic Project Monitoring Dataset,,2026-09-06,1.0
SRC-SYN-00452,SIH26103 Synthetic Project Monitoring Dataset,,2026-09-06,1.0
SRC-SYN-00453,SIH26103 Synthetic Project Monitoring Dataset,,2026-09-06,1.0
SRC-SYN-00454,SIH26103 Synthetic Project Monitoring Dataset,,2026-09-06,1.0
SRC-SYN-00455,SIH26103 Synthetic Project Monitoring Dataset,,2026-09-06,1.0
SRC-SYN-00456,SIH26103 Synthetic Project Monitoring Dataset,,2026-09-06,1.0
SRC-SYN-00457,SIH26103 Synthetic Project Monitoring Dataset,,2026-09-06,1.0
SRC-SYN-00458,SIH26103 Synthetic Project Monitoring Dataset,,2026-09-06,1.0
SRC-SYN-00459,SIH26103 Synthetic Project Monitoring Dataset,,2026-09-06,1.0
SRC-SYN-00460,SIH26103 Synthetic Project Monitoring Dataset,,2026-09-06,1.0
SRC-SYN-00461,SIH26103 Synthetic Project Monitoring Dataset,,2026-09-06,1.0
SRC-SYN-00462,SIH26103 Synthetic Project Monitoring Dataset,,2026-09-06,1.0
SRC-SYN-00463,SIH26103 Synthetic Project Monitoring Dataset,,2026-09-06,1.0
SRC-SYN-00464,SIH26103 Synthetic Project Monitoring Dataset,,2026-09-06,1.0
SRC-SYN-00465,SIH26103 Synthetic Project Monitoring Dataset,,2026-09-06,1.0
SRC-SYN-00466,SIH26103 Synthetic Project Monitoring Dataset,,2026-09-06,1.0
SRC-SYN-00467,SIH26103 Synthetic Project Monitoring Dataset,,2026-09-06,1.0
SRC-SYN-00468,SIH26103 Synthetic Project Monitoring Dataset,,2026-09-06,1.0
SRC-SYN-00469,SIH26103 Synthetic Project Monitoring Dataset,,2026-09-06,1.0
SRC-SYN-00470,SIH26103 Synthetic Project Monitoring Dataset,,2026-09-06,1.0
SRC-SYN-00471,SIH26103 Synthetic Project Monitoring Dataset,,2026-09-06,1.0
SRC-SYN-00472,SIH26103 Synthetic Project Monitoring Dataset,,2026-09-06,1.0
SRC-SYN-00473,SIH26103 Synthetic Project Monitoring Dataset,,2026-09-06,1.0
SRC-SYN-00474,SIH26103 Synthetic Project Monitoring Dataset,,2026-09-06,1.0
SRC-SYN-00475,SIH26103 Synthetic Project Monitoring Dataset,,2026-09-06,1.0
SRC-SYN-00476,SIH26103 Synthetic Project Monitoring Dataset,,2026-09-06,1.0
SRC-SYN-00477,SIH26103 Synthetic Project Monitoring Dataset,,2026-09-06,1.0
SRC-SYN-00478,SIH26103 Synthetic Project Monitoring Dataset,,2026-09-06,1.0
SRC-SYN-00479,SIH26103 Synthetic Project Monitoring Dataset,,2026-09-06,1.0
SRC-SYN-00480,SIH26103 Synthetic Project Monitoring Dataset,,2026-09-06,1.0
SRC-SYN-00481,SIH26103 Synthetic Project Monitoring Dataset,,2026-09-06,1.0
SRC-SYN-00482,SIH26103 Synthetic Project Monitoring Dataset,,2026-09-06,1.0
SRC-SYN-00483,SIH26103 Synthetic Project Monitoring Dataset,,2026-09-06,1.0
SRC-SYN-00484,SIH26103 Synthetic Project Monitoring Dataset,,2026-09-06,1.0
SRC-SYN-00485,SIH26103 Synthetic Project Monitoring Dataset,,2026-09-06,1.0
SRC-SYN-00486,SIH26103 Synthetic Project Monitoring Dataset,,2026-09-06,1.0
SRC-SYN-00487,SIH26103 Synthetic Project Monitoring Dataset,,2026-09-06,1.0
SRC-SYN-00488,SIH26103 Synthetic Project Monitoring Dataset,,2026-09-06,1.0
SRC-SYN-00489,SIH26103 Synthetic Project Monitoring Dataset,,2026-09-06,1.0
SRC-SYN-00490,SIH26103 Synthetic Project Monitoring Dataset,,2026-09-06,1.0
SRC-SYN-00491,SIH26103 Synthetic Project Monitoring Dataset,,2026-09-06,1.0
SRC-SYN-00492,SIH26103 Synthetic Project Monitoring Dataset,,2026-09-06,1.0
SRC-SYN-00493,SIH26103 Synthetic Project Monitoring Dataset,,2026-09-06,1.0
SRC-SYN-00494,SIH26103 Synthetic Project Monitoring Dataset,,2026-09-06,1.0
SRC-SYN-00495,SIH26103 Synthetic Project Monitoring Dataset,,2026-09-06,1.0
SRC-SYN-00496,SIH26103 Synthetic Project Monitoring Dataset,,2026-09-06,1.0
SRC-SYN-00497,SIH26103 Synthetic Project Monitoring Dataset,,2026-09-06,1.0
SRC-SYN-00498,SIH26103 Synthetic Project Monitoring Dataset,,2026-09-06,1.0
SRC-SYN-00499,SIH26103 Synthetic Project Monitoring Dataset,,2026-09-06,1.0
SRC-SYN-00500,SIH26103 Synthetic Project Monitoring Dataset,,2026-09-06,1.0
SRC-SYN-00501,SIH26103 Synthetic Project Monitoring Dataset,,2026-09-06,1.0
SRC-SYN-00502,SIH26103 Synthetic Project Monitoring Dataset,,2026-09-06,1.0
SRC-SYN-00503,SIH26103 Synthetic Project Monitoring Dataset,,2026-09-06,1.0
SRC-SYN-00504,SIH26103 Synthetic Project Monitoring Dataset,,2026-09-06,1.0
SRC-SYN-00505,SIH26103 Synthetic Project Monitoring Dataset,,2026-09-06,1.0
SRC-SYN-00506,SIH26103 Synthetic Project Monitoring Dataset,,2026-09-06,1.0
SRC-SYN-00507,SIH26103 Synthetic Project Monitoring Dataset,,2026-09-06,1.0
SRC-SYN-00508,SIH26103 Synthetic Project Monitoring Dataset,,2026-09-06,1.0
SRC-SYN-00509,SIH26103 Synthetic Project Monitoring Dataset,,2026-09-06,1.0
SRC-SYN-00510,SIH26103 Synthetic Project Monitoring Dataset,,2026-09-06,1.0
SRC-SYN-00511,SIH26103 Synthetic Project Monitoring Dataset,,2026-09-06,1.0
SRC-SYN-00512,SIH26103 Synthetic Project Monitoring Dataset,,2026-09-06,1.0
SRC-SYN-00513,SIH26103 Synthetic Project Monitoring Dataset,,2026-09-06,1.0
SRC-SYN-00514,SIH26103 Synthetic Project Monitoring Dataset,,2026-09-06,1.0
SRC-SYN-00515,SIH26103 Synthetic Project Monitoring Dataset,,2026-09-06,1.0
SRC-SYN-00516,SIH26103 Synthetic Project Monitoring Dataset,,2026-09-06,1.0
SRC-SYN-00517,SIH26103 Synthetic Project Monitoring Dataset,,2026-09-06,1.0
SRC-SYN-00518,SIH26103 Synthetic Project Monitoring Dataset,,2026-09-06,1.0
SRC-SYN-00519,SIH26103 Synthetic Project Monitoring Dataset,,2026-09-06,1.0
SRC-SYN-00520,SIH26103 Synthetic Project Monitoring Dataset,,2026-09-06,1.0
SRC-SYN-00521,SIH26103 Synthetic Project Monitoring Dataset,,2026-09-06,1.0
SRC-SYN-00522,SIH26103 Synthetic Project Monitoring Dataset,,2026-09-06,1.0
SRC-SYN-00523,SIH26103 Synthetic Project Monitoring Dataset,,2026-09-06,1.0
SRC-SYN-00524,SIH26103 Synthetic Project Monitoring Dataset,,2026-09-06,1.0
SRC-SYN-00525,SIH26103 Synthetic Project Monitoring Dataset,,2026-09-06,1.0
SRC-SYN-00526,SIH26103 Synthetic Project Monitoring Dataset,,2026-09-06,1.0
SRC-SYN-00527,SIH26103 Synthetic Project Monitoring Dataset,,2026-09-06,1.0
SRC-SYN-00528,SIH26103 Synthetic Project Monitoring Dataset,,2026-09-06,1.0
SRC-SYN-00529,SIH26103 Synthetic Project Monitoring Dataset,,2026-09-06,1.0
SRC-SYN-00530,SIH26103 Synthetic Project Monitoring Dataset,,2026-09-06,1.0
SRC-SYN-00531,SIH26103 Synthetic Project Monitoring Dataset,,2026-09-06,1.0
SRC-SYN-00532,SIH26103 Synthetic Project Monitoring Dataset,,2026-09-06,1.0
SRC-SYN-00533,SIH26103 Synthetic Project Monitoring Dataset,,2026-09-06,1.0
SRC-SYN-00534,SIH26103 Synthetic Project Monitoring Dataset,,2026-09-06,1.0
SRC-SYN-00535,SIH26103 Synthetic Project Monitoring Dataset,,2026-09-06,1.0
SRC-SYN-00536,SIH26103 Synthetic Project Monitoring Dataset,,2026-09-06,1.0
SRC-SYN-00537,SIH26103 Synthetic Project Monitoring Dataset,,2026-09-06,1.0
SRC-SYN-00538,SIH26103 Synthetic Project Monitoring Dataset,,2026-09-06,1.0
SRC-SYN-00539,SIH26103 Synthetic Project Monitoring Dataset,,2026-09-06,1.0
SRC-SYN-00540,SIH26103 Synthetic Project Monitoring Dataset,,2026-09-06,1.0
SRC-SYN-00541,SIH26103 Synthetic Project Monitoring Dataset,,2026-09-06,1.0
SRC-SYN-00542,SIH26103 Synthetic Project Monitoring Dataset,,2026-09-06,1.0
SRC-SYN-00543,SIH26103 Synthetic Project Monitoring Dataset,,2026-09-06,1.0
SRC-SYN-00544,SIH26103 Synthetic Project Monitoring Dataset,,2026-09-06,1.0
SRC-SYN-00545,SIH26103 Synthetic Project Monitoring Dataset,,2026-09-06,1.0
SRC-SYN-00546,SIH26103 Synthetic Project Monitoring Dataset,,2026-09-06,1.0
SRC-SYN-00547,SIH26103 Synthetic Project Monitoring Dataset,,2026-09-06,1.0
SRC-SYN-00548,SIH26103 Synthetic Project Monitoring Dataset,,2026-09-06,1.0
SRC-SYN-00549,SIH26103 Synthetic Project Monitoring Dataset,,2026-09-06,1.0
SRC-SYN-00550,SIH26103 Synthetic Project Monitoring Dataset,,2026-09-06,1.0
SRC-SYN-00551,SIH26103 Synthetic Project Monitoring Dataset,,2026-09-06,1.0
SRC-SYN-00552,SIH26103 Synthetic Project Monitoring Dataset,,2026-09-06,1.0
SRC-SYN-00553,SIH26103 Synthetic Project Monitoring Dataset,,2026-09-06,1.0
SRC-SYN-00554,SIH26103 Synthetic Project Monitoring Dataset,,2026-09-06,1.0
SRC-SYN-00555,SIH26103 Synthetic Project Monitoring Dataset,,2026-09-06,1.0
SRC-SYN-00556,SIH26103 Synthetic Project Monitoring Dataset,,2026-09-06,1.0
SRC-SYN-00557,SIH26103 Synthetic Project Monitoring Dataset,,2026-09-06,1.0
SRC-SYN-00558,SIH26103 Synthetic Project Monitoring Dataset,,2026-09-06,1.0
SRC-SYN-00559,SIH26103 Synthetic Project Monitoring Dataset,,2026-09-06,1.0
SRC-SYN-00560,SIH26103 Synthetic Project Monitoring Dataset,,2026-09-06,1.0
SRC-SYN-00561,SIH26103 Synthetic Project Monitoring Dataset,,2026-09-06,1.0
SRC-SYN-00562,SIH26103 Synthetic Project Monitoring Dataset,,2026-09-06,1.0
SRC-SYN-00563,SIH26103 Synthetic Project Monitoring Dataset,,2026-09-06,1.0
SRC-SYN-00564,SIH26103 Synthetic Project Monitoring Dataset,,2026-09-06,1.0
SRC-SYN-00565,SIH26103 Synthetic Project Monitoring Dataset,,2026-09-06,1.0
SRC-SYN-00566,SIH26103 Synthetic Project Monitoring Dataset,,2026-09-06,1.0
SRC-SYN-00567,SIH26103 Synthetic Project Monitoring Dataset,,2026-09-06,1.0
SRC-SYN-00568,SIH26103 Synthetic Project Monitoring Dataset,,2026-09-06,1.0
SRC-SYN-00569,SIH26103 Synthetic Project Monitoring Dataset,,2026-09-06,1.0
SRC-SYN-00570,SIH26103 Synthetic Project Monitoring Dataset,,2026-09-06,1.0
SRC-SYN-00571,SIH26103 Synthetic Project Monitoring Dataset,,2026-09-06,1.0
SRC-SYN-00572,SIH26103 Synthetic Project Monitoring Dataset,,2026-09-06,1.0
SRC-SYN-00573,SIH26103 Synthetic Project Monitoring Dataset,,2026-09-06,1.0
SRC-SYN-00574,SIH26103 Synthetic Project Monitoring Dataset,,2026-09-06,1.0
SRC-SYN-00575,SIH26103 Synthetic Project Monitoring Dataset,,2026-09-06,1.0
SRC-SYN-00576,SIH26103 Synthetic Project Monitoring Dataset,,2026-09-06,1.0
SRC-SYN-00577,SIH26103 Synthetic Project Monitoring Dataset,,2026-09-06,1.0
SRC-SYN-00578,SIH26103 Synthetic Project Monitoring Dataset,,2026-09-06,1.0
SRC-SYN-00579,SIH26103 Synthetic Project Monitoring Dataset,,2026-09-06,1.0
SRC-SYN-00580,SIH26103 Synthetic Project Monitoring Dataset,,2026-09-06,1.0
SRC-SYN-00581,SIH26103 Synthetic Project Monitoring Dataset,,2026-09-06,1.0
SRC-SYN-00582,SIH26103 Synthetic Project Monitoring Dataset,,2026-09-06,1.0
SRC-SYN-00583,SIH26103 Synthetic Project Monitoring Dataset,,2026-09-06,1.0
SRC-SYN-00584,SIH26103 Synthetic Project Monitoring Dataset,,2026-09-06,1.0
SRC-SYN-00585,SIH26103 Synthetic Project Monitoring Dataset,,2026-09-06,1.0
SRC-SYN-00586,SIH26103 Synthetic Project Monitoring Dataset,,2026-09-06,1.0
SRC-SYN-00587,SIH26103 Synthetic Project Monitoring Dataset,,2026-09-06,1.0
SRC-SYN-00588,SIH26103 Synthetic Project Monitoring Dataset,,2026-09-06,1.0
SRC-SYN-00589,SIH26103 Synthetic Project Monitoring Dataset,,2026-09-06,1.0
SRC-SYN-00590,SIH26103 Synthetic Project Monitoring Dataset,,2026-09-06,1.0
SRC-SYN-00591,SIH26103 Synthetic Project Monitoring Dataset,,2026-09-06,1.0
SRC-SYN-00592,SIH26103 Synthetic Project Monitoring Dataset,,2026-09-06,1.0
SRC-SYN-00593,SIH26103 Synthetic Project Monitoring Dataset,,2026-09-06,1.0
SRC-SYN-00594,SIH26103 Synthetic Project Monitoring Dataset,,2026-09-06,1.0
SRC-SYN-00595,SIH26103 Synthetic Project Monitoring Dataset,,2026-09-06,1.0
SRC-SYN-00596,SIH26103 Synthetic Project Monitoring Dataset,,2026-09-06,1.0
SRC-SYN-00597,SIH26103 Synthetic Project Monitoring Dataset,,2026-09-06,1.0
SRC-SYN-00598,SIH26103 Synthetic Project Monitoring Dataset,,2026-09-06,1.0
SRC-SYN-00599,SIH26103 Synthetic Project Monitoring Dataset,,2026-09-06,1.0
SRC-SYN-00600,SIH26103 Synthetic Project Monitoring Dataset,,2026-09-06,1.0
SRC-SYN-00601,SIH26103 Synthetic Project Monitoring Dataset,,2026-09-06,1.0
SRC-SYN-00602,SIH26103 Synthetic Project Monitoring Dataset,,2026-09-06,1.0
SRC-SYN-00603,SIH26103 Synthetic Project Monitoring Dataset,,2026-09-06,1.0
SRC-SYN-00604,SIH26103 Synthetic Project Monitoring Dataset,,2026-09-06,1.0
SRC-SYN-00605,SIH26103 Synthetic Project Monitoring Dataset,,2026-09-06,1.0
SRC-SYN-00606,SIH26103 Synthetic Project Monitoring Dataset,,2026-09-06,1.0
SRC-SYN-00607,SIH26103 Synthetic Project Monitoring Dataset,,2026-09-06,1.0
SRC-SYN-00608,SIH26103 Synthetic Project Monitoring Dataset,,2026-09-06,1.0
SRC-SYN-00609,SIH26103 Synthetic Project Monitoring Dataset,,2026-09-06,1.0
SRC-SYN-00610,SIH26103 Synthetic Project Monitoring Dataset,,2026-09-06,1.0
SRC-SYN-00611,SIH26103 Synthetic Project Monitoring Dataset,,2026-09-06,1.0
SRC-SYN-00612,SIH26103 Synthetic Project Monitoring Dataset,,2026-09-06,1.0
SRC-SYN-00613,SIH26103 Synthetic Project Monitoring Dataset,,2026-09-06,1.0
SRC-SYN-00614,SIH26103 Synthetic Project Monitoring Dataset,,2026-09-06,1.0
SRC-SYN-00615,SIH26103 Synthetic Project Monitoring Dataset,,2026-09-06,1.0
SRC-SYN-00616,SIH26103 Synthetic Project Monitoring Dataset,,2026-09-06,1.0
SRC-SYN-00617,SIH26103 Synthetic Project Monitoring Dataset,,2026-09-06,1.0
SRC-SYN-00618,SIH26103 Synthetic Project Monitoring Dataset,,2026-09-06,1.0
SRC-SYN-00619,SIH26103 Synthetic Project Monitoring Dataset,,2026-09-06,1.0
SRC-SYN-00620,SIH26103 Synthetic Project Monitoring Dataset,,2026-09-06,1.0
SRC-SYN-00621,SIH26103 Synthetic Project Monitoring Dataset,,2026-09-06,1.0
SRC-SYN-00622,SIH26103 Synthetic Project Monitoring Dataset,,2026-09-06,1.0
SRC-SYN-00623,SIH26103 Synthetic Project Monitoring Dataset,,2026-09-06,1.0
SRC-SYN-00624,SIH26103 Synthetic Project Monitoring Dataset,,2026-09-06,1.0
SRC-SYN-00625,SIH26103 Synthetic Project Monitoring Dataset,,2026-09-06,1.0
SRC-SYN-00626,SIH26103 Synthetic Project Monitoring Dataset,,2026-09-06,1.0
SRC-SYN-00627,SIH26103 Synthetic Project Monitoring Dataset,,2026-09-06,1.0
SRC-SYN-00628,SIH26103 Synthetic Project Monitoring Dataset,,2026-09-06,1.0
SRC-SYN-00629,SIH26103 Synthetic Project Monitoring Dataset,,2026-09-06,1.0
SRC-SYN-00630,SIH26103 Synthetic Project Monitoring Dataset,,2026-09-06,1.0
SRC-SYN-00631,SIH26103 Synthetic Project Monitoring Dataset,,2026-09-06,1.0
SRC-SYN-00632,SIH26103 Synthetic Project Monitoring Dataset,,2026-09-06,1.0
SRC-SYN-00633,SIH26103 Synthetic Project Monitoring Dataset,,2026-09-06,1.0
SRC-SYN-00634,SIH26103 Synthetic Project Monitoring Dataset,,2026-09-06,1.0
SRC-SYN-00635,SIH26103 Synthetic Project Monitoring Dataset,,2026-09-06,1.0
SRC-SYN-00636,SIH26103 Synthetic Project Monitoring Dataset,,2026-09-06,1.0
SRC-SYN-00637,SIH26103 Synthetic Project Monitoring Dataset,,2026-09-06,1.0
SRC-SYN-00638,SIH26103 Synthetic Project Monitoring Dataset,,2026-09-06,1.0
SRC-SYN-00639,SIH26103 Synthetic Project Monitoring Dataset,,2026-09-06,1.0
SRC-SYN-00640,SIH26103 Synthetic Project Monitoring Dataset,,2026-09-06,1.0
SRC-SYN-00641,SIH26103 Synthetic Project Monitoring Dataset,,2026-09-06,1.0
SRC-SYN-00642,SIH26103 Synthetic Project Monitoring Dataset,,2026-09-06,1.0
SRC-SYN-00643,SIH26103 Synthetic Project Monitoring Dataset,,2026-09-06,1.0
SRC-SYN-00644,SIH26103 Synthetic Project Monitoring Dataset,,2026-09-06,1.0
SRC-SYN-00645,SIH26103 Synthetic Project Monitoring Dataset,,2026-09-06,1.0
SRC-SYN-00646,SIH26103 Synthetic Project Monitoring Dataset,,2026-09-06,1.0
SRC-SYN-00647,SIH26103 Synthetic Project Monitoring Dataset,,2026-09-06,1.0
SRC-SYN-00648,SIH26103 Synthetic Project Monitoring Dataset,,2026-09-06,1.0
SRC-SYN-00649,SIH26103 Synthetic Project Monitoring Dataset,,2026-09-06,1.0
SRC-SYN-00650,SIH26103 Synthetic Project Monitoring Dataset,,2026-09-06,1.0
SRC-SYN-00651,SIH26103 Synthetic Project Monitoring Dataset,,2026-09-06,1.0
SRC-SYN-00652,SIH26103 Synthetic Project Monitoring Dataset,,2026-09-06,1.0
SRC-SYN-00653,SIH26103 Synthetic Project Monitoring Dataset,,2026-09-06,1.0
SRC-SYN-00654,SIH26103 Synthetic Project Monitoring Dataset,,2026-09-06,1.0
SRC-SYN-00655,SIH26103 Synthetic Project Monitoring Dataset,,2026-09-06,1.0
SRC-SYN-00656,SIH26103 Synthetic Project Monitoring Dataset,,2026-09-06,1.0
SRC-SYN-00657,SIH26103 Synthetic Project Monitoring Dataset,,2026-09-06,1.0
SRC-SYN-00658,SIH26103 Synthetic Project Monitoring Dataset,,2026-09-06,1.0
SRC-SYN-00659,SIH26103 Synthetic Project Monitoring Dataset,,2026-09-06,1.0
SRC-SYN-00660,SIH26103 Synthetic Project Monitoring Dataset,,2026-09-06,1.0
SRC-SYN-00661,SIH26103 Synthetic Project Monitoring Dataset,,2026-09-06,1.0
SRC-SYN-00662,SIH26103 Synthetic Project Monitoring Dataset,,2026-09-06,1.0
SRC-SYN-00663,SIH26103 Synthetic Project Monitoring Dataset,,2026-09-06,1.0
SRC-SYN-00664,SIH26103 Synthetic Project Monitoring Dataset,,2026-09-06,1.0
SRC-SYN-00665,SIH26103 Synthetic Project Monitoring Dataset,,2026-09-06,1.0
SRC-SYN-00666,SIH26103 Synthetic Project Monitoring Dataset,,2026-09-06,1.0
SRC-SYN-00667,SIH26103 Synthetic Project Monitoring Dataset,,2026-09-06,1.0
SRC-SYN-00668,SIH26103 Synthetic Project Monitoring Dataset,,2026-09-06,1.0
SRC-SYN-00669,SIH26103 Synthetic Project Monitoring Dataset,,2026-09-06,1.0
SRC-SYN-00670,SIH26103 Synthetic Project Monitoring Dataset,,2026-09-06,1.0
SRC-SYN-00671,SIH26103 Synthetic Project Monitoring Dataset,,2026-09-06,1.0
SRC-SYN-00672,SIH26103 Synthetic Project Monitoring Dataset,,2026-09-06,1.0
SRC-SYN-00673,SIH26103 Synthetic Project Monitoring Dataset,,2026-09-06,1.0
SRC-SYN-00674,SIH26103 Synthetic Project Monitoring Dataset,,2026-09-06,1.0
SRC-SYN-00675,SIH26103 Synthetic Project Monitoring Dataset,,2026-09-06,1.0
SRC-SYN-00676,SIH26103 Synthetic Project Monitoring Dataset,,2026-09-06,1.0
SRC-SYN-00677,SIH26103 Synthetic Project Monitoring Dataset,,2026-09-06,1.0
SRC-SYN-00678,SIH26103 Synthetic Project Monitoring Dataset,,2026-09-06,1.0
SRC-SYN-00679,SIH26103 Synthetic Project Monitoring Dataset,,2026-09-06,1.0
SRC-SYN-00680,SIH26103 Synthetic Project Monitoring Dataset,,2026-09-06,1.0
SRC-SYN-00681,SIH26103 Synthetic Project Monitoring Dataset,,2026-09-06,1.0
SRC-SYN-00682,SIH26103 Synthetic Project Monitoring Dataset,,2026-09-06,1.0
SRC-SYN-00683,SIH26103 Synthetic Project Monitoring Dataset,,2026-09-06,1.0
SRC-SYN-00684,SIH26103 Synthetic Project Monitoring Dataset,,2026-09-06,1.0
SRC-SYN-00685,SIH26103 Synthetic Project Monitoring Dataset,,2026-09-06,1.0
SRC-SYN-00686,SIH26103 Synthetic Project Monitoring Dataset,,2026-09-06,1.0
SRC-SYN-00687,SIH26103 Synthetic Project Monitoring Dataset,,2026-09-06,1.0
SRC-SYN-00688,SIH26103 Synthetic Project Monitoring Dataset,,2026-09-06,1.0
SRC-SYN-00689,SIH26103 Synthetic Project Monitoring Dataset,,2026-09-06,1.0
SRC-SYN-00690,SIH26103 Synthetic Project Monitoring Dataset,,2026-09-06,1.0
SRC-SYN-00691,SIH26103 Synthetic Project Monitoring Dataset,,2026-09-06,1.0
SRC-SYN-00692,SIH26103 Synthetic Project Monitoring Dataset,,2026-09-06,1.0
SRC-SYN-00693,SIH26103 Synthetic Project Monitoring Dataset,,2026-09-06,1.0
SRC-SYN-00694,SIH26103 Synthetic Project Monitoring Dataset,,2026-09-06,1.0
SRC-SYN-00695,SIH26103 Synthetic Project Monitoring Dataset,,2026-09-06,1.0
SRC-SYN-00696,SIH26103 Synthetic Project Monitoring Dataset,,2026-09-06,1.0
SRC-SYN-00697,SIH26103 Synthetic Project Monitoring Dataset,,2026-09-06,1.0
SRC-SYN-00698,SIH26103 Synthetic Project Monitoring Dataset,,2026-09-06,1.0
SRC-SYN-00699,SIH26103 Synthetic Project Monitoring Dataset,,2026-09-06,1.0
SRC-SYN-00700,SIH26103 Synthetic Project Monitoring Dataset,,2026-09-06,1.0
SRC-SYN-00701,SIH26103 Synthetic Project Monitoring Dataset,,2026-09-06,1.0
SRC-SYN-00702,SIH26103 Synthetic Project Monitoring Dataset,,2026-09-06,1.0
SRC-SYN-00703,SIH26103 Synthetic Project Monitoring Dataset,,2026-09-06,1.0
SRC-SYN-00704,SIH26103 Synthetic Project Monitoring Dataset,,2026-09-06,1.0
SRC-SYN-00705,SIH26103 Synthetic Project Monitoring Dataset,,2026-09-06,1.0
SRC-SYN-00706,SIH26103 Synthetic Project Monitoring Dataset,,2026-09-06,1.0
SRC-SYN-00707,SIH26103 Synthetic Project Monitoring Dataset,,2026-09-06,1.0
SRC-SYN-00708,SIH26103 Synthetic Project Monitoring Dataset,,2026-09-06,1.0
SRC-SYN-00709,SIH26103 Synthetic Project Monitoring Dataset,,2026-09-06,1.0
SRC-SYN-00710,SIH26103 Synthetic Project Monitoring Dataset,,2026-09-06,1.0
SRC-SYN-00711,SIH26103 Synthetic Project Monitoring Dataset,,2026-09-06,1.0
SRC-SYN-00712,SIH26103 Synthetic Project Monitoring Dataset,,2026-09-06,1.0
SRC-SYN-00713,SIH26103 Synthetic Project Monitoring Dataset,,2026-09-06,1.0
SRC-SYN-00714,SIH26103 Synthetic Project Monitoring Dataset,,2026-09-06,1.0
SRC-SYN-00715,SIH26103 Synthetic Project Monitoring Dataset,,2026-09-06,1.0
SRC-SYN-00716,SIH26103 Synthetic Project Monitoring Dataset,,2026-09-06,1.0
SRC-SYN-00717,SIH26103 Synthetic Project Monitoring Dataset,,2026-09-06,1.0
SRC-SYN-00718,SIH26103 Synthetic Project Monitoring Dataset,,2026-09-06,1.0
SRC-SYN-00719,SIH26103 Synthetic Project Monitoring Dataset,,2026-09-06,1.0
SRC-SYN-00720,SIH26103 Synthetic Project Monitoring Dataset,,2026-09-06,1.0
SRC-SYN-00721,SIH26103 Synthetic Project Monitoring Dataset,,2026-09-06,1.0
SRC-SYN-00722,SIH26103 Synthetic Project Monitoring Dataset,,2026-09-06,1.0
SRC-SYN-00723,SIH26103 Synthetic Project Monitoring Dataset,,2026-09-06,1.0
SRC-SYN-00724,SIH26103 Synthetic Project Monitoring Dataset,,2026-09-06,1.0
SRC-SYN-00725,SIH26103 Synthetic Project Monitoring Dataset,,2026-09-06,1.0
SRC-SYN-00726,SIH26103 Synthetic Project Monitoring Dataset,,2026-09-06,1.0
SRC-SYN-00727,SIH26103 Synthetic Project Monitoring Dataset,,2026-09-06,1.0
SRC-SYN-00728,SIH26103 Synthetic Project Monitoring Dataset,,2026-09-06,1.0
SRC-SYN-00729,SIH26103 Synthetic Project Monitoring Dataset,,2026-09-06,1.0
SRC-SYN-00730,SIH26103 Synthetic Project Monitoring Dataset,,2026-09-06,1.0
SRC-SYN-00731,SIH26103 Synthetic Project Monitoring Dataset,,2026-09-06,1.0
SRC-SYN-00732,SIH26103 Synthetic Project Monitoring Dataset,,2026-09-06,1.0
SRC-SYN-00733,SIH26103 Synthetic Project Monitoring Dataset,,2026-09-06,1.0
SRC-SYN-00734,SIH26103 Synthetic Project Monitoring Dataset,,2026-09-06,1.0
SRC-SYN-00735,SIH26103 Synthetic Project Monitoring Dataset,,2026-09-06,1.0
SRC-SYN-00736,SIH26103 Synthetic Project Monitoring Dataset,,2026-09-06,1.0
SRC-SYN-00737,SIH26103 Synthetic Project Monitoring Dataset,,2026-09-06,1.0
SRC-SYN-00738,SIH26103 Synthetic Project Monitoring Dataset,,2026-09-06,1.0
SRC-SYN-00739,SIH26103 Synthetic Project Monitoring Dataset,,2026-09-06,1.0
SRC-SYN-00740,SIH26103 Synthetic Project Monitoring Dataset,,2026-09-06,1.0
SRC-SYN-00741,SIH26103 Synthetic Project Monitoring Dataset,,2026-09-06,1.0
SRC-SYN-00742,SIH26103 Synthetic Project Monitoring Dataset,,2026-09-06,1.0
SRC-SYN-00743,SIH26103 Synthetic Project Monitoring Dataset,,2026-09-06,1.0
SRC-SYN-00744,SIH26103 Synthetic Project Monitoring Dataset,,2026-09-06,1.0
SRC-SYN-00745,SIH26103 Synthetic Project Monitoring Dataset,,2026-09-06,1.0
SRC-SYN-00746,SIH26103 Synthetic Project Monitoring Dataset,,2026-09-06,1.0
SRC-SYN-00747,SIH26103 Synthetic Project Monitoring Dataset,,2026-09-06,1.0
SRC-SYN-00748,SIH26103 Synthetic Project Monitoring Dataset,,2026-09-06,1.0
SRC-SYN-00749,SIH26103 Synthetic Project Monitoring Dataset,,2026-09-06,1.0
SRC-SYN-00750,SIH26103 Synthetic Project Monitoring Dataset,,2026-09-06,1.0
