quality_event_id,internal_project_id,severity,event_type,description,resolution_status
DQ-000001,PAI-00004,HIGH,MISSING_VALUE,Synthetic data-quality event generated for pipeline testing.,OPEN
DQ-000002,PAI-00020,HIGH,SCHEMA_CHECK,Synthetic data-quality event generated for pipeline testing.,OPEN
DQ-000003,PAI-00024,HIGH,SCHEMA_CHECK,Synthetic data-quality event generated for pipeline testing.,OPEN
DQ-000004,PAI-00040,HIGH,SUSPICIOUS_OUTLIER,Synthetic data-quality event generated for pipeline testing.,OPEN
DQ-000005,PAI-00047,HIGH,SCHEMA_CHECK,Synthetic data-quality event generated for pipeline testing.,OPEN
DQ-000006,PAI-00073,MEDIUM,MISSING_VALUE,Synthetic data-quality event generated for pipeline testing.,OPEN
DQ-000007,PAI-00086,MEDIUM,MISSING_VALUE,Synthetic data-quality event generated for pipeline testing.,OPEN
DQ-000008,PAI-00105,LOW,SCHEMA_CHECK,Synthetic data-quality event generated for pipeline testing.,OPEN
DQ-000009,PAI-00112,LOW,SCHEMA_CHECK,Synthetic data-quality event generated for pipeline testing.,OPEN
DQ-000010,PAI-00125,MEDIUM,SCHEMA_CHECK,Synthetic data-quality event generated for pipeline testing.,OPEN
DQ-000011,PAI-00127,MEDIUM,SUSPICIOUS_OUTLIER,Synthetic data-quality event generated for pipeline testing.,OPEN
DQ-000012,PAI-00137,HIGH,SCHEMA_CHECK,Synthetic data-quality event generated for pipeline testing.,OPEN
DQ-000013,PAI-00160,LOW,MISSING_VALUE,Synthetic data-quality event generated for pipeline testing.,OPEN
DQ-000014,PAI-00163,LOW,SCHEMA_CHECK,Synthetic data-quality event generated for pipeline testing.,OPEN
DQ-000015,PAI-00170,LOW,SUSPICIOUS_OUTLIER,Synthetic data-quality event generated for pipeline testing.,OPEN
DQ-000016,PAI-00178,HIGH,SUSPICIOUS_OUTLIER,Synthetic data-quality event generated for pipeline testing.,OPEN
DQ-000017,PAI-00190,HIGH,MISSING_VALUE,Synthetic data-quality event generated for pipeline testing.,OPEN
DQ-000018,PAI-00203,MEDIUM,SUSPICIOUS_OUTLIER,Synthetic data-quality event generated for pipeline testing.,OPEN
DQ-000019,PAI-00218,MEDIUM,MISSING_VALUE,Synthetic data-quality event generated for pipeline testing.,OPEN
DQ-000020,PAI-00236,HIGH,MISSING_VALUE,Synthetic data-quality event generated for pipeline testing.,OPEN
DQ-000021,PAI-00237,LOW,MISSING_VALUE,Synthetic data-quality event generated for pipeline testing.,OPEN
DQ-000022,PAI-00247,LOW,SUSPICIOUS_OUTLIER,Synthetic data-quality event generated for pipeline testing.,OPEN
DQ-000023,PAI-00254,HIGH,MISSING_VALUE,Synthetic data-quality event generated for pipeline testing.,OPEN
DQ-000024,PAI-00259,LOW,SCHEMA_CHECK,Synthetic data-quality event generated for pipeline testing.,OPEN
DQ-000025,PAI-00264,HIGH,SUSPICIOUS_OUTLIER,Synthetic data-quality event generated for pipeline testing.,OPEN
DQ-000026,PAI-00285,LOW,SUSPICIOUS_OUTLIER,Synthetic data-quality event generated for pipeline testing.,OPEN
DQ-000027,PAI-00287,HIGH,SUSPICIOUS_OUTLIER,Synthetic data-quality event generated for pipeline testing.,OPEN
DQ-000028,PAI-00300,LOW,SCHEMA_CHECK,Synthetic data-quality event generated for pipeline testing.,OPEN
DQ-000029,PAI-00311,MEDIUM,SCHEMA_CHECK,Synthetic data-quality event generated for pipeline testing.,OPEN
DQ-000030,PAI-00341,LOW,MISSING_VALUE,Synthetic data-quality event generated for pipeline testing.,OPEN
DQ-000031,PAI-00342,MEDIUM,SUSPICIOUS_OUTLIER,Synthetic data-quality event generated for pipeline testing.,OPEN
DQ-000032,PAI-00363,LOW,SCHEMA_CHECK,Synthetic data-quality event generated for pipeline testing.,OPEN
DQ-000033,PAI-00367,LOW,SCHEMA_CHECK,Synthetic data-quality event generated for pipeline testing.,OPEN
DQ-000034,PAI-00385,MEDIUM,MISSING_VALUE,Synthetic data-quality event generated for pipeline testing.,OPEN
DQ-000035,PAI-00388,LOW,MISSING_VALUE,Synthetic data-quality event generated for pipeline testing.,OPEN
DQ-000036,PAI-00432,MEDIUM,SUSPICIOUS_OUTLIER,Synthetic data-quality event generated for pipeline testing.,OPEN
DQ-000037,PAI-00434,LOW,SUSPICIOUS_OUTLIER,Synthetic data-quality event generated for pipeline testing.,OPEN
DQ-000038,PAI-00442,MEDIUM,SCHEMA_CHECK,Synthetic data-quality event generated for pipeline testing.,OPEN
DQ-000039,PAI-00452,MEDIUM,SCHEMA_CHECK,Synthetic data-quality event generated for pipeline testing.,OPEN
DQ-000040,PAI-00465,MEDIUM,MISSING_VALUE,Synthetic data-quality event generated for pipeline testing.,OPEN
DQ-000041,PAI-00473,HIGH,SUSPICIOUS_OUTLIER,Synthetic data-quality event generated for pipeline testing.,OPEN
DQ-000042,PAI-00476,HIGH,SUSPICIOUS_OUTLIER,Synthetic data-quality event generated for pipeline testing.,OPEN
DQ-000043,PAI-00492,MEDIUM,SUSPICIOUS_OUTLIER,Synthetic data-quality event generated for pipeline testing.,OPEN
DQ-000044,PAI-00505,MEDIUM,MISSING_VALUE,Synthetic data-quality event generated for pipeline testing.,OPEN
DQ-000045,PAI-00506,HIGH,MISSING_VALUE,Synthetic data-quality event generated for pipeline testing.,OPEN
DQ-000046,PAI-00510,MEDIUM,SUSPICIOUS_OUTLIER,Synthetic data-quality event generated for pipeline testing.,OPEN
DQ-000047,PAI-00525,LOW,SUSPICIOUS_OUTLIER,Synthetic data-quality event generated for pipeline testing.,OPEN
DQ-000048,PAI-00584,LOW,MISSING_VALUE,Synthetic data-quality event generated for pipeline testing.,OPEN
DQ-000049,PAI-00608,LOW,SCHEMA_CHECK,Synthetic data-quality event generated for pipeline testing.,OPEN
DQ-000050,PAI-00615,HIGH,SCHEMA_CHECK,Synthetic data-quality event generated for pipeline testing.,OPEN
DQ-000051,PAI-00668,LOW,SUSPICIOUS_OUTLIER,Synthetic data-quality event generated for pipeline testing.,OPEN
DQ-000052,PAI-00688,MEDIUM,MISSING_VALUE,Synthetic data-quality event generated for pipeline testing.,OPEN
DQ-000053,PAI-00697,MEDIUM,SCHEMA_CHECK,Synthetic data-quality event generated for pipeline testing.,OPEN
DQ-000054,PAI-00710,MEDIUM,MISSING_VALUE,Synthetic data-quality event generated for pipeline testing.,OPEN
DQ-000055,PAI-00711,LOW,MISSING_VALUE,Synthetic data-quality event generated for pipeline testing.,OPEN
DQ-000056,PAI-00715,MEDIUM,SCHEMA_CHECK,Synthetic data-quality event generated for pipeline testing.,OPEN
DQ-000057,PAI-00716,MEDIUM,MISSING_VALUE,Synthetic data-quality event generated for pipeline testing.,OPEN
DQ-000058,PAI-00717,MEDIUM,MISSING_VALUE,Synthetic data-quality event generated for pipeline testing.,OPEN
DQ-000059,PAI-00727,LOW,MISSING_VALUE,Synthetic data-quality event generated for pipeline testing.,OPEN
DQ-000060,PAI-00769,MEDIUM,MISSING_VALUE,Synthetic data-quality event generated for pipeline testing.,OPEN
DQ-000061,PAI-00790,HIGH,SCHEMA_CHECK,Synthetic data-quality event generated for pipeline testing.,OPEN
DQ-000062,PAI-00817,MEDIUM,MISSING_VALUE,Synthetic data-quality event generated for pipeline testing.,OPEN
DQ-000063,PAI-00844,MEDIUM,SUSPICIOUS_OUTLIER,Synthetic data-quality event generated for pipeline testing.,OPEN
DQ-000064,PAI-00850,LOW,MISSING_VALUE,Synthetic data-quality event generated for pipeline testing.,OPEN
DQ-000065,PAI-00861,LOW,SUSPICIOUS_OUTLIER,Synthetic data-quality event generated for pipeline testing.,OPEN
DQ-000066,PAI-00864,MEDIUM,SUSPICIOUS_OUTLIER,Synthetic data-quality event generated for pipeline testing.,OPEN
DQ-000067,PAI-00895,MEDIUM,SCHEMA_CHECK,Synthetic data-quality event generated for pipeline testing.,OPEN
DQ-000068,PAI-00913,HIGH,MISSING_VALUE,Synthetic data-quality event generated for pipeline testing.,OPEN
DQ-000069,PAI-00936,HIGH,SUSPICIOUS_OUTLIER,Synthetic data-quality event generated for pipeline testing.,OPEN
DQ-000070,PAI-00960,LOW,SUSPICIOUS_OUTLIER,Synthetic data-quality event generated for pipeline testing.,OPEN
DQ-000071,PAI-00963,LOW,MISSING_VALUE,Synthetic data-quality event generated for pipeline testing.,OPEN
DQ-000072,PAI-00989,MEDIUM,SUSPICIOUS_OUTLIER,Synthetic data-quality event generated for pipeline testing.,OPEN
DQ-000073,PAI-00995,LOW,SUSPICIOUS_OUTLIER,Synthetic data-quality event generated for pipeline testing.,OPEN
DQ-000074,PAI-00998,HIGH,SUSPICIOUS_OUTLIER,Synthetic data-quality event generated for pipeline testing.,OPEN
DQ-000075,PAI-01016,LOW,SUSPICIOUS_OUTLIER,Synthetic data-quality event generated for pipeline testing.,OPEN
DQ-000076,PAI-01040,LOW,MISSING_VALUE,Synthetic data-quality event generated for pipeline testing.,OPEN
DQ-000077,PAI-01063,MEDIUM,MISSING_VALUE,Synthetic data-quality event generated for pipeline testing.,OPEN
DQ-000078,PAI-01085,HIGH,MISSING_VALUE,Synthetic data-quality event generated for pipeline testing.,OPEN
DQ-000079,PAI-01122,HIGH,SUSPICIOUS_OUTLIER,Synthetic data-quality event generated for pipeline testing.,OPEN
DQ-000080,PAI-01126,HIGH,SUSPICIOUS_OUTLIER,Synthetic data-quality event generated for pipeline testing.,OPEN
DQ-000081,PAI-01138,MEDIUM,SCHEMA_CHECK,Synthetic data-quality event generated for pipeline testing.,OPEN
DQ-000082,PAI-01154,HIGH,MISSING_VALUE,Synthetic data-quality event generated for pipeline testing.,OPEN
DQ-000083,PAI-01156,LOW,SUSPICIOUS_OUTLIER,Synthetic data-quality event generated for pipeline testing.,OPEN
DQ-000084,PAI-01168,HIGH,SUSPICIOUS_OUTLIER,Synthetic data-quality event generated for pipeline testing.,OPEN
DQ-000085,PAI-01175,MEDIUM,SCHEMA_CHECK,Synthetic data-quality event generated for pipeline testing.,OPEN
DQ-000086,PAI-01226,LOW,MISSING_VALUE,Synthetic data-quality event generated for pipeline testing.,OPEN
DQ-000087,PAI-01245,HIGH,SCHEMA_CHECK,Synthetic data-quality event generated for pipeline testing.,OPEN
DQ-000088,PAI-01252,LOW,SUSPICIOUS_OUTLIER,Synthetic data-quality event generated for pipeline testing.,OPEN
DQ-000089,PAI-01262,MEDIUM,SCHEMA_CHECK,Synthetic data-quality event generated for pipeline testing.,OPEN
DQ-000090,PAI-01272,LOW,SUSPICIOUS_OUTLIER,Synthetic data-quality event generated for pipeline testing.,OPEN
DQ-000091,PAI-01276,HIGH,SUSPICIOUS_OUTLIER,Synthetic data-quality event generated for pipeline testing.,OPEN
DQ-000092,PAI-01284,MEDIUM,SCHEMA_CHECK,Synthetic data-quality event generated for pipeline testing.,OPEN
DQ-000093,PAI-01286,LOW,SCHEMA_CHECK,Synthetic data-quality event generated for pipeline testing.,OPEN
DQ-000094,PAI-01292,LOW,SUSPICIOUS_OUTLIER,Synthetic data-quality event generated for pipeline testing.,OPEN
DQ-000095,PAI-01341,HIGH,SCHEMA_CHECK,Synthetic data-quality event generated for pipeline testing.,OPEN
DQ-000096,PAI-01353,MEDIUM,MISSING_VALUE,Synthetic data-quality event generated for pipeline testing.,OPEN
DQ-000097,PAI-01359,HIGH,SUSPICIOUS_OUTLIER,Synthetic data-quality event generated for pipeline testing.,OPEN
DQ-000098,PAI-01361,HIGH,MISSING_VALUE,Synthetic data-quality event generated for pipeline testing.,OPEN
DQ-000099,PAI-01372,MEDIUM,SUSPICIOUS_OUTLIER,Synthetic data-quality event generated for pipeline testing.,OPEN
DQ-000100,PAI-01397,HIGH,MISSING_VALUE,Synthetic data-quality event generated for pipeline testing.,OPEN
DQ-000101,PAI-01412,MEDIUM,SCHEMA_CHECK,Synthetic data-quality event generated for pipeline testing.,OPEN
DQ-000102,PAI-01440,LOW,SUSPICIOUS_OUTLIER,Synthetic data-quality event generated for pipeline testing.,OPEN
DQ-000103,PAI-01444,HIGH,MISSING_VALUE,Synthetic data-quality event generated for pipeline testing.,OPEN
DQ-000104,PAI-01447,HIGH,MISSING_VALUE,Synthetic data-quality event generated for pipeline testing.,OPEN
DQ-000105,PAI-01448,MEDIUM,SUSPICIOUS_OUTLIER,Synthetic data-quality event generated for pipeline testing.,OPEN
DQ-000106,PAI-01472,LOW,MISSING_VALUE,Synthetic data-quality event generated for pipeline testing.,OPEN
DQ-000107,PAI-01488,HIGH,SCHEMA_CHECK,Synthetic data-quality event generated for pipeline testing.,OPEN
DQ-000108,PAI-01491,HIGH,MISSING_VALUE,Synthetic data-quality event generated for pipeline testing.,OPEN
DQ-000109,PAI-01493,MEDIUM,MISSING_VALUE,Synthetic data-quality event generated for pipeline testing.,OPEN
DQ-000110,PAI-01513,LOW,SCHEMA_CHECK,Synthetic data-quality event generated for pipeline testing.,OPEN
DQ-000111,PAI-01518,MEDIUM,MISSING_VALUE,Synthetic data-quality event generated for pipeline testing.,OPEN
DQ-000112,PAI-01521,HIGH,SUSPICIOUS_OUTLIER,Synthetic data-quality event generated for pipeline testing.,OPEN
DQ-000113,PAI-01524,HIGH,SCHEMA_CHECK,Synthetic data-quality event generated for pipeline testing.,OPEN
DQ-000114,PAI-01536,HIGH,SUSPICIOUS_OUTLIER,Synthetic data-quality event generated for pipeline testing.,OPEN
DQ-000115,PAI-01543,LOW,SUSPICIOUS_OUTLIER,Synthetic data-quality event generated for pipeline testing.,OPEN
DQ-000116,PAI-01546,HIGH,SCHEMA_CHECK,Synthetic data-quality event generated for pipeline testing.,OPEN
DQ-000117,PAI-01556,HIGH,SCHEMA_CHECK,Synthetic data-quality event generated for pipeline testing.,OPEN
DQ-000118,PAI-01568,LOW,SCHEMA_CHECK,Synthetic data-quality event generated for pipeline testing.,OPEN
DQ-000119,PAI-01576,LOW,MISSING_VALUE,Synthetic data-quality event generated for pipeline testing.,OPEN
DQ-000120,PAI-01633,LOW,SCHEMA_CHECK,Synthetic data-quality event generated for pipeline testing.,OPEN
DQ-000121,PAI-01638,HIGH,SUSPICIOUS_OUTLIER,Synthetic data-quality event generated for pipeline testing.,OPEN
DQ-000122,PAI-01648,HIGH,SUSPICIOUS_OUTLIER,Synthetic data-quality event generated for pipeline testing.,OPEN
DQ-000123,PAI-01663,LOW,MISSING_VALUE,Synthetic data-quality event generated for pipeline testing.,OPEN
DQ-000124,PAI-01668,LOW,MISSING_VALUE,Synthetic data-quality event generated for pipeline testing.,OPEN
DQ-000125,PAI-01684,MEDIUM,SCHEMA_CHECK,Synthetic data-quality event generated for pipeline testing.,OPEN
DQ-000126,PAI-01703,LOW,MISSING_VALUE,Synthetic data-quality event generated for pipeline testing.,OPEN
DQ-000127,PAI-01711,MEDIUM,MISSING_VALUE,Synthetic data-quality event generated for pipeline testing.,OPEN
DQ-000128,PAI-01731,MEDIUM,SCHEMA_CHECK,Synthetic data-quality event generated for pipeline testing.,OPEN
DQ-000129,PAI-01734,MEDIUM,SCHEMA_CHECK,Synthetic data-quality event generated for pipeline testing.,OPEN
DQ-000130,PAI-01740,LOW,SUSPICIOUS_OUTLIER,Synthetic data-quality event generated for pipeline testing.,OPEN
DQ-000131,PAI-01744,LOW,SUSPICIOUS_OUTLIER,Synthetic data-quality event generated for pipeline testing.,OPEN
DQ-000132,PAI-01749,LOW,SUSPICIOUS_OUTLIER,Synthetic data-quality event generated for pipeline testing.,OPEN
DQ-000133,PAI-01810,HIGH,MISSING_VALUE,Synthetic data-quality event generated for pipeline testing.,OPEN
DQ-000134,PAI-01824,LOW,SCHEMA_CHECK,Synthetic data-quality event generated for pipeline testing.,OPEN
DQ-000135,PAI-01835,MEDIUM,SCHEMA_CHECK,Synthetic data-quality event generated for pipeline testing.,OPEN
DQ-000136,PAI-01847,LOW,SCHEMA_CHECK,Synthetic data-quality event generated for pipeline testing.,OPEN
DQ-000137,PAI-01897,HIGH,MISSING_VALUE,Synthetic data-quality event generated for pipeline testing.,OPEN
DQ-000138,PAI-01920,LOW,MISSING_VALUE,Synthetic data-quality event generated for pipeline testing.,OPEN
DQ-000139,PAI-01952,HIGH,SUSPICIOUS_OUTLIER,Synthetic data-quality event generated for pipeline testing.,OPEN
DQ-000140,PAI-01989,HIGH,SCHEMA_CHECK,Synthetic data-quality event generated for pipeline testing.,OPEN
DQ-000141,PAI-01999,HIGH,MISSING_VALUE,Synthetic data-quality event generated for pipeline testing.,OPEN
DQ-000142,PAI-02000,LOW,MISSING_VALUE,Synthetic data-quality event generated for pipeline testing.,OPEN
DQ-000143,PAI-02014,LOW,MISSING_VALUE,Synthetic data-quality event generated for pipeline testing.,OPEN
DQ-000144,PAI-02035,HIGH,SCHEMA_CHECK,Synthetic data-quality event generated for pipeline testing.,OPEN
DQ-000145,PAI-02036,HIGH,SCHEMA_CHECK,Synthetic data-quality event generated for pipeline testing.,OPEN
DQ-000146,PAI-02037,MEDIUM,SCHEMA_CHECK,Synthetic data-quality event generated for pipeline testing.,OPEN
DQ-000147,PAI-02042,LOW,MISSING_VALUE,Synthetic data-quality event generated for pipeline testing.,OPEN
DQ-000148,PAI-02048,MEDIUM,MISSING_VALUE,Synthetic data-quality event generated for pipeline testing.,OPEN
DQ-000149,PAI-02058,MEDIUM,MISSING_VALUE,Synthetic data-quality event generated for pipeline testing.,OPEN
DQ-000150,PAI-02069,MEDIUM,SUSPICIOUS_OUTLIER,Synthetic data-quality event generated for pipeline testing.,OPEN
DQ-000151,PAI-02109,LOW,SUSPICIOUS_OUTLIER,Synthetic data-quality event generated for pipeline testing.,OPEN
DQ-000152,PAI-02117,HIGH,SCHEMA_CHECK,Synthetic data-quality event generated for pipeline testing.,OPEN
DQ-000153,PAI-02145,MEDIUM,MISSING_VALUE,Synthetic data-quality event generated for pipeline testing.,OPEN
DQ-000154,PAI-02152,HIGH,SUSPICIOUS_OUTLIER,Synthetic data-quality event generated for pipeline testing.,OPEN
DQ-000155,PAI-02159,MEDIUM,MISSING_VALUE,Synthetic data-quality event generated for pipeline testing.,OPEN
DQ-000156,PAI-02204,HIGH,SCHEMA_CHECK,Synthetic data-quality event generated for pipeline testing.,OPEN
DQ-000157,PAI-02218,MEDIUM,SCHEMA_CHECK,Synthetic data-quality event generated for pipeline testing.,OPEN
DQ-000158,PAI-02227,HIGH,SUSPICIOUS_OUTLIER,Synthetic data-quality event generated for pipeline testing.,OPEN
DQ-000159,PAI-02229,HIGH,SCHEMA_CHECK,Synthetic data-quality event generated for pipeline testing.,OPEN
DQ-000160,PAI-02245,HIGH,SUSPICIOUS_OUTLIER,Synthetic data-quality event generated for pipeline testing.,OPEN
DQ-000161,PAI-02262,MEDIUM,MISSING_VALUE,Synthetic data-quality event generated for pipeline testing.,OPEN
DQ-000162,PAI-02266,MEDIUM,MISSING_VALUE,Synthetic data-quality event generated for pipeline testing.,OPEN
DQ-000163,PAI-02290,HIGH,SCHEMA_CHECK,Synthetic data-quality event generated for pipeline testing.,OPEN
DQ-000164,PAI-02308,MEDIUM,SUSPICIOUS_OUTLIER,Synthetic data-quality event generated for pipeline testing.,OPEN
DQ-000165,PAI-02330,HIGH,SCHEMA_CHECK,Synthetic data-quality event generated for pipeline testing.,OPEN
DQ-000166,PAI-02341,MEDIUM,SUSPICIOUS_OUTLIER,Synthetic data-quality event generated for pipeline testing.,OPEN
DQ-000167,PAI-02344,HIGH,SCHEMA_CHECK,Synthetic data-quality event generated for pipeline testing.,OPEN
DQ-000168,PAI-02347,LOW,SUSPICIOUS_OUTLIER,Synthetic data-quality event generated for pipeline testing.,OPEN
DQ-000169,PAI-02364,MEDIUM,SCHEMA_CHECK,Synthetic data-quality event generated for pipeline testing.,OPEN
DQ-000170,PAI-02380,HIGH,SUSPICIOUS_OUTLIER,Synthetic data-quality event generated for pipeline testing.,OPEN
DQ-000171,PAI-02401,MEDIUM,MISSING_VALUE,Synthetic data-quality event generated for pipeline testing.,OPEN
DQ-000172,PAI-02407,HIGH,SUSPICIOUS_OUTLIER,Synthetic data-quality event generated for pipeline testing.,OPEN
DQ-000173,PAI-02409,HIGH,SCHEMA_CHECK,Synthetic data-quality event generated for pipeline testing.,OPEN
DQ-000174,PAI-02434,HIGH,SCHEMA_CHECK,Synthetic data-quality event generated for pipeline testing.,OPEN
DQ-000175,PAI-02441,MEDIUM,MISSING_VALUE,Synthetic data-quality event generated for pipeline testing.,OPEN
DQ-000176,PAI-02465,MEDIUM,MISSING_VALUE,Synthetic data-quality event generated for pipeline testing.,OPEN
DQ-000177,PAI-02471,MEDIUM,SCHEMA_CHECK,Synthetic data-quality event generated for pipeline testing.,OPEN
DQ-000178,PAI-02484,HIGH,MISSING_VALUE,Synthetic data-quality event generated for pipeline testing.,OPEN
DQ-000179,PAI-02490,MEDIUM,SUSPICIOUS_OUTLIER,Synthetic data-quality event generated for pipeline testing.,OPEN
DQ-000180,PAI-02491,LOW,SCHEMA_CHECK,Synthetic data-quality event generated for pipeline testing.,OPEN
DQ-000181,PAI-02496,LOW,SUSPICIOUS_OUTLIER,Synthetic data-quality event generated for pipeline testing.,OPEN
DQ-000182,PAI-02508,LOW,SCHEMA_CHECK,Synthetic data-quality event generated for pipeline testing.,OPEN
DQ-000183,PAI-02509,HIGH,SCHEMA_CHECK,Synthetic data-quality event generated for pipeline testing.,OPEN
DQ-000184,PAI-02585,LOW,MISSING_VALUE,Synthetic data-quality event generated for pipeline testing.,OPEN
DQ-000185,PAI-02610,HIGH,SUSPICIOUS_OUTLIER,Synthetic data-quality event generated for pipeline testing.,OPEN
DQ-000186,PAI-02623,MEDIUM,SCHEMA_CHECK,Synthetic data-quality event generated for pipeline testing.,OPEN
DQ-000187,PAI-02631,MEDIUM,SUSPICIOUS_OUTLIER,Synthetic data-quality event generated for pipeline testing.,OPEN
DQ-000188,PAI-02646,LOW,SCHEMA_CHECK,Synthetic data-quality event generated for pipeline testing.,OPEN
DQ-000189,PAI-02672,MEDIUM,MISSING_VALUE,Synthetic data-quality event generated for pipeline testing.,OPEN
DQ-000190,PAI-02687,LOW,SUSPICIOUS_OUTLIER,Synthetic data-quality event generated for pipeline testing.,OPEN
DQ-000191,PAI-02708,MEDIUM,SUSPICIOUS_OUTLIER,Synthetic data-quality event generated for pipeline testing.,OPEN
DQ-000192,PAI-02734,HIGH,SCHEMA_CHECK,Synthetic data-quality event generated for pipeline testing.,OPEN
DQ-000193,PAI-02739,MEDIUM,SUSPICIOUS_OUTLIER,Synthetic data-quality event generated for pipeline testing.,OPEN
DQ-000194,PAI-02785,HIGH,MISSING_VALUE,Synthetic data-quality event generated for pipeline testing.,OPEN
DQ-000195,PAI-02830,MEDIUM,SCHEMA_CHECK,Synthetic data-quality event generated for pipeline testing.,OPEN
DQ-000196,PAI-02853,LOW,SCHEMA_CHECK,Synthetic data-quality event generated for pipeline testing.,OPEN
DQ-000197,PAI-02861,MEDIUM,SCHEMA_CHECK,Synthetic data-quality event generated for pipeline testing.,OPEN
DQ-000198,PAI-02865,LOW,MISSING_VALUE,Synthetic data-quality event generated for pipeline testing.,OPEN
DQ-000199,PAI-02872,MEDIUM,SUSPICIOUS_OUTLIER,Synthetic data-quality event generated for pipeline testing.,OPEN
DQ-000200,PAI-02877,MEDIUM,SCHEMA_CHECK,Synthetic data-quality event generated for pipeline testing.,OPEN
DQ-000201,PAI-02883,LOW,MISSING_VALUE,Synthetic data-quality event generated for pipeline testing.,OPEN
DQ-000202,PAI-02922,HIGH,SUSPICIOUS_OUTLIER,Synthetic data-quality event generated for pipeline testing.,OPEN
DQ-000203,PAI-02938,LOW,SUSPICIOUS_OUTLIER,Synthetic data-quality event generated for pipeline testing.,OPEN
DQ-000204,PAI-03041,MEDIUM,SUSPICIOUS_OUTLIER,Synthetic data-quality event generated for pipeline testing.,OPEN
DQ-000205,PAI-03049,LOW,MISSING_VALUE,Synthetic data-quality event generated for pipeline testing.,OPEN
DQ-000206,PAI-03102,LOW,SUSPICIOUS_OUTLIER,Synthetic data-quality event generated for pipeline testing.,OPEN
DQ-000207,PAI-03108,LOW,SUSPICIOUS_OUTLIER,Synthetic data-quality event generated for pipeline testing.,OPEN
DQ-000208,PAI-03113,LOW,SUSPICIOUS_OUTLIER,Synthetic data-quality event generated for pipeline testing.,OPEN
DQ-000209,PAI-03118,HIGH,MISSING_VALUE,Synthetic data-quality event generated for pipeline testing.,OPEN
DQ-000210,PAI-03128,LOW,SUSPICIOUS_OUTLIER,Synthetic data-quality event generated for pipeline testing.,OPEN
DQ-000211,PAI-03137,LOW,SUSPICIOUS_OUTLIER,Synthetic data-quality event generated for pipeline testing.,OPEN
DQ-000212,PAI-03148,LOW,MISSING_VALUE,Synthetic data-quality event generated for pipeline testing.,OPEN
DQ-000213,PAI-03149,LOW,SCHEMA_CHECK,Synthetic data-quality event generated for pipeline testing.,OPEN
DQ-000214,PAI-03151,MEDIUM,SCHEMA_CHECK,Synthetic data-quality event generated for pipeline testing.,OPEN
DQ-000215,PAI-03177,MEDIUM,SUSPICIOUS_OUTLIER,Synthetic data-quality event generated for pipeline testing.,OPEN
DQ-000216,PAI-03214,LOW,SCHEMA_CHECK,Synthetic data-quality event generated for pipeline testing.,OPEN
DQ-000217,PAI-03218,MEDIUM,SCHEMA_CHECK,Synthetic data-quality event generated for pipeline testing.,OPEN
DQ-000218,PAI-03257,HIGH,SCHEMA_CHECK,Synthetic data-quality event generated for pipeline testing.,OPEN
DQ-000219,PAI-03265,HIGH,MISSING_VALUE,Synthetic data-quality event generated for pipeline testing.,OPEN
DQ-000220,PAI-03274,LOW,MISSING_VALUE,Synthetic data-quality event generated for pipeline testing.,OPEN
DQ-000221,PAI-03289,MEDIUM,SUSPICIOUS_OUTLIER,Synthetic data-quality event generated for pipeline testing.,OPEN
DQ-000222,PAI-03294,LOW,SCHEMA_CHECK,Synthetic data-quality event generated for pipeline testing.,OPEN
DQ-000223,PAI-03298,LOW,SCHEMA_CHECK,Synthetic data-quality event generated for pipeline testing.,OPEN
DQ-000224,PAI-03299,LOW,SCHEMA_CHECK,Synthetic data-quality event generated for pipeline testing.,OPEN
DQ-000225,PAI-03316,LOW,MISSING_VALUE,Synthetic data-quality event generated for pipeline testing.,OPEN
DQ-000226,PAI-03349,MEDIUM,SCHEMA_CHECK,Synthetic data-quality event generated for pipeline testing.,OPEN
DQ-000227,PAI-03376,LOW,SUSPICIOUS_OUTLIER,Synthetic data-quality event generated for pipeline testing.,OPEN
DQ-000228,PAI-03390,HIGH,SUSPICIOUS_OUTLIER,Synthetic data-quality event generated for pipeline testing.,OPEN
DQ-000229,PAI-03398,HIGH,MISSING_VALUE,Synthetic data-quality event generated for pipeline testing.,OPEN
DQ-000230,PAI-03429,LOW,MISSING_VALUE,Synthetic data-quality event generated for pipeline testing.,OPEN
DQ-000231,PAI-03431,HIGH,MISSING_VALUE,Synthetic data-quality event generated for pipeline testing.,OPEN
DQ-000232,PAI-03464,HIGH,SUSPICIOUS_OUTLIER,Synthetic data-quality event generated for pipeline testing.,OPEN
DQ-000233,PAI-03473,HIGH,SCHEMA_CHECK,Synthetic data-quality event generated for pipeline testing.,OPEN
DQ-000234,PAI-03507,HIGH,MISSING_VALUE,Synthetic data-quality event generated for pipeline testing.,OPEN
DQ-000235,PAI-03540,MEDIUM,MISSING_VALUE,Synthetic data-quality event generated for pipeline testing.,OPEN
DQ-000236,PAI-03546,LOW,MISSING_VALUE,Synthetic data-quality event generated for pipeline testing.,OPEN
DQ-000237,PAI-03553,MEDIUM,SUSPICIOUS_OUTLIER,Synthetic data-quality event generated for pipeline testing.,OPEN
DQ-000238,PAI-03573,MEDIUM,SUSPICIOUS_OUTLIER,Synthetic data-quality event generated for pipeline testing.,OPEN
DQ-000239,PAI-03582,LOW,SCHEMA_CHECK,Synthetic data-quality event generated for pipeline testing.,OPEN
DQ-000240,PAI-03584,LOW,SCHEMA_CHECK,Synthetic data-quality event generated for pipeline testing.,OPEN
DQ-000241,PAI-03600,MEDIUM,SCHEMA_CHECK,Synthetic data-quality event generated for pipeline testing.,OPEN
DQ-000242,PAI-03623,HIGH,MISSING_VALUE,Synthetic data-quality event generated for pipeline testing.,OPEN
DQ-000243,PAI-03640,MEDIUM,MISSING_VALUE,Synthetic data-quality event generated for pipeline testing.,OPEN
DQ-000244,PAI-03658,HIGH,SUSPICIOUS_OUTLIER,Synthetic data-quality event generated for pipeline testing.,OPEN
DQ-000245,PAI-03676,HIGH,MISSING_VALUE,Synthetic data-quality event generated for pipeline testing.,OPEN
DQ-000246,PAI-03693,LOW,SUSPICIOUS_OUTLIER,Synthetic data-quality event generated for pipeline testing.,OPEN
DQ-000247,PAI-03696,LOW,SCHEMA_CHECK,Synthetic data-quality event generated for pipeline testing.,OPEN
DQ-000248,PAI-03702,LOW,MISSING_VALUE,Synthetic data-quality event generated for pipeline testing.,OPEN
DQ-000249,PAI-03708,LOW,MISSING_VALUE,Synthetic data-quality event generated for pipeline testing.,OPEN
DQ-000250,PAI-03724,MEDIUM,SCHEMA_CHECK,Synthetic data-quality event generated for pipeline testing.,OPEN
DQ-000251,PAI-03747,LOW,MISSING_VALUE,Synthetic data-quality event generated for pipeline testing.,OPEN
DQ-000252,PAI-03763,MEDIUM,MISSING_VALUE,Synthetic data-quality event generated for pipeline testing.,OPEN
DQ-000253,PAI-03773,MEDIUM,SCHEMA_CHECK,Synthetic data-quality event generated for pipeline testing.,OPEN
DQ-000254,PAI-03793,MEDIUM,SUSPICIOUS_OUTLIER,Synthetic data-quality event generated for pipeline testing.,OPEN
DQ-000255,PAI-03809,HIGH,MISSING_VALUE,Synthetic data-quality event generated for pipeline testing.,OPEN
DQ-000256,PAI-03813,MEDIUM,SUSPICIOUS_OUTLIER,Synthetic data-quality event generated for pipeline testing.,OPEN
DQ-000257,PAI-03827,MEDIUM,SUSPICIOUS_OUTLIER,Synthetic data-quality event generated for pipeline testing.,OPEN
DQ-000258,PAI-03833,MEDIUM,SCHEMA_CHECK,Synthetic data-quality event generated for pipeline testing.,OPEN
DQ-000259,PAI-03836,MEDIUM,SUSPICIOUS_OUTLIER,Synthetic data-quality event generated for pipeline testing.,OPEN
DQ-000260,PAI-03838,MEDIUM,SUSPICIOUS_OUTLIER,Synthetic data-quality event generated for pipeline testing.,OPEN
DQ-000261,PAI-03874,HIGH,SCHEMA_CHECK,Synthetic data-quality event generated for pipeline testing.,OPEN
DQ-000262,PAI-03884,MEDIUM,SUSPICIOUS_OUTLIER,Synthetic data-quality event generated for pipeline testing.,OPEN
DQ-000263,PAI-03886,MEDIUM,MISSING_VALUE,Synthetic data-quality event generated for pipeline testing.,OPEN
DQ-000264,PAI-03887,LOW,MISSING_VALUE,Synthetic data-quality event generated for pipeline testing.,OPEN
DQ-000265,PAI-03897,LOW,SCHEMA_CHECK,Synthetic data-quality event generated for pipeline testing.,OPEN
DQ-000266,PAI-03898,MEDIUM,MISSING_VALUE,Synthetic data-quality event generated for pipeline testing.,OPEN
DQ-000267,PAI-03901,HIGH,SCHEMA_CHECK,Synthetic data-quality event generated for pipeline testing.,OPEN
DQ-000268,PAI-03905,HIGH,SCHEMA_CHECK,Synthetic data-quality event generated for pipeline testing.,OPEN
DQ-000269,PAI-03906,LOW,MISSING_VALUE,Synthetic data-quality event generated for pipeline testing.,OPEN
DQ-000270,PAI-03916,MEDIUM,SCHEMA_CHECK,Synthetic data-quality event generated for pipeline testing.,OPEN
DQ-000271,PAI-03923,MEDIUM,SUSPICIOUS_OUTLIER,Synthetic data-quality event generated for pipeline testing.,OPEN
DQ-000272,PAI-03924,MEDIUM,MISSING_VALUE,Synthetic data-quality event generated for pipeline testing.,OPEN
DQ-000273,PAI-03935,LOW,SUSPICIOUS_OUTLIER,Synthetic data-quality event generated for pipeline testing.,OPEN
DQ-000274,PAI-03940,HIGH,MISSING_VALUE,Synthetic data-quality event generated for pipeline testing.,OPEN
DQ-000275,PAI-03961,MEDIUM,SCHEMA_CHECK,Synthetic data-quality event generated for pipeline testing.,OPEN
DQ-000276,PAI-03963,LOW,SCHEMA_CHECK,Synthetic data-quality event generated for pipeline testing.,OPEN
DQ-000277,PAI-03974,MEDIUM,SCHEMA_CHECK,Synthetic data-quality event generated for pipeline testing.,OPEN
DQ-000278,PAI-03982,HIGH,SCHEMA_CHECK,Synthetic data-quality event generated for pipeline testing.,OPEN
DQ-000279,PAI-03989,HIGH,MISSING_VALUE,Synthetic data-quality event generated for pipeline testing.,OPEN
DQ-000280,PAI-03996,LOW,MISSING_VALUE,Synthetic data-quality event generated for pipeline testing.,OPEN
DQ-000281,PAI-03998,MEDIUM,MISSING_VALUE,Synthetic data-quality event generated for pipeline testing.,OPEN
DQ-000282,PAI-04004,MEDIUM,MISSING_VALUE,Synthetic data-quality event generated for pipeline testing.,OPEN
DQ-000283,PAI-04029,LOW,MISSING_VALUE,Synthetic data-quality event generated for pipeline testing.,OPEN
DQ-000284,PAI-04033,MEDIUM,MISSING_VALUE,Synthetic data-quality event generated for pipeline testing.,OPEN
DQ-000285,PAI-04036,HIGH,MISSING_VALUE,Synthetic data-quality event generated for pipeline testing.,OPEN
DQ-000286,PAI-04039,MEDIUM,SCHEMA_CHECK,Synthetic data-quality event generated for pipeline testing.,OPEN
DQ-000287,PAI-04044,LOW,SCHEMA_CHECK,Synthetic data-quality event generated for pipeline testing.,OPEN
DQ-000288,PAI-04046,HIGH,MISSING_VALUE,Synthetic data-quality event generated for pipeline testing.,OPEN
DQ-000289,PAI-04058,LOW,MISSING_VALUE,Synthetic data-quality event generated for pipeline testing.,OPEN
DQ-000290,PAI-04074,MEDIUM,SCHEMA_CHECK,Synthetic data-quality event generated for pipeline testing.,OPEN
DQ-000291,PAI-04078,HIGH,MISSING_VALUE,Synthetic data-quality event generated for pipeline testing.,OPEN
DQ-000292,PAI-04115,LOW,MISSING_VALUE,Synthetic data-quality event generated for pipeline testing.,OPEN
DQ-000293,PAI-04124,HIGH,SCHEMA_CHECK,Synthetic data-quality event generated for pipeline testing.,OPEN
DQ-000294,PAI-04149,HIGH,SUSPICIOUS_OUTLIER,Synthetic data-quality event generated for pipeline testing.,OPEN
DQ-000295,PAI-04156,LOW,SCHEMA_CHECK,Synthetic data-quality event generated for pipeline testing.,OPEN
DQ-000296,PAI-04176,LOW,SCHEMA_CHECK,Synthetic data-quality event generated for pipeline testing.,OPEN
DQ-000297,PAI-04201,LOW,SUSPICIOUS_OUTLIER,Synthetic data-quality event generated for pipeline testing.,OPEN
DQ-000298,PAI-04219,HIGH,MISSING_VALUE,Synthetic data-quality event generated for pipeline testing.,OPEN
DQ-000299,PAI-04234,LOW,MISSING_VALUE,Synthetic data-quality event generated for pipeline testing.,OPEN
DQ-000300,PAI-04255,LOW,SUSPICIOUS_OUTLIER,Synthetic data-quality event generated for pipeline testing.,OPEN
DQ-000301,PAI-04264,MEDIUM,SCHEMA_CHECK,Synthetic data-quality event generated for pipeline testing.,OPEN
DQ-000302,PAI-04285,LOW,SCHEMA_CHECK,Synthetic data-quality event generated for pipeline testing.,OPEN
DQ-000303,PAI-04301,MEDIUM,SCHEMA_CHECK,Synthetic data-quality event generated for pipeline testing.,OPEN
DQ-000304,PAI-04361,HIGH,SUSPICIOUS_OUTLIER,Synthetic data-quality event generated for pipeline testing.,OPEN
DQ-000305,PAI-04369,HIGH,MISSING_VALUE,Synthetic data-quality event generated for pipeline testing.,OPEN
DQ-000306,PAI-04388,MEDIUM,SCHEMA_CHECK,Synthetic data-quality event generated for pipeline testing.,OPEN
DQ-000307,PAI-04405,MEDIUM,SCHEMA_CHECK,Synthetic data-quality event generated for pipeline testing.,OPEN
DQ-000308,PAI-04416,HIGH,MISSING_VALUE,Synthetic data-quality event generated for pipeline testing.,OPEN
DQ-000309,PAI-04428,MEDIUM,SCHEMA_CHECK,Synthetic data-quality event generated for pipeline testing.,OPEN
DQ-000310,PAI-04475,LOW,SUSPICIOUS_OUTLIER,Synthetic data-quality event generated for pipeline testing.,OPEN
DQ-000311,PAI-04523,MEDIUM,SUSPICIOUS_OUTLIER,Synthetic data-quality event generated for pipeline testing.,OPEN
DQ-000312,PAI-04553,LOW,MISSING_VALUE,Synthetic data-quality event generated for pipeline testing.,OPEN
DQ-000313,PAI-04586,MEDIUM,MISSING_VALUE,Synthetic data-quality event generated for pipeline testing.,OPEN
DQ-000314,PAI-04600,MEDIUM,MISSING_VALUE,Synthetic data-quality event generated for pipeline testing.,OPEN
DQ-000315,PAI-04605,MEDIUM,SUSPICIOUS_OUTLIER,Synthetic data-quality event generated for pipeline testing.,OPEN
DQ-000316,PAI-04612,MEDIUM,SCHEMA_CHECK,Synthetic data-quality event generated for pipeline testing.,OPEN
DQ-000317,PAI-04621,HIGH,SUSPICIOUS_OUTLIER,Synthetic data-quality event generated for pipeline testing.,OPEN
DQ-000318,PAI-04638,MEDIUM,SCHEMA_CHECK,Synthetic data-quality event generated for pipeline testing.,OPEN
DQ-000319,PAI-04646,MEDIUM,SCHEMA_CHECK,Synthetic data-quality event generated for pipeline testing.,OPEN
DQ-000320,PAI-04676,MEDIUM,SCHEMA_CHECK,Synthetic data-quality event generated for pipeline testing.,OPEN
DQ-000321,PAI-04703,MEDIUM,SUSPICIOUS_OUTLIER,Synthetic data-quality event generated for pipeline testing.,OPEN
DQ-000322,PAI-04710,LOW,SUSPICIOUS_OUTLIER,Synthetic data-quality event generated for pipeline testing.,OPEN
DQ-000323,PAI-04713,MEDIUM,SUSPICIOUS_OUTLIER,Synthetic data-quality event generated for pipeline testing.,OPEN
DQ-000324,PAI-04739,LOW,SCHEMA_CHECK,Synthetic data-quality event generated for pipeline testing.,OPEN
DQ-000325,PAI-04756,MEDIUM,SCHEMA_CHECK,Synthetic data-quality event generated for pipeline testing.,OPEN
DQ-000326,PAI-04772,MEDIUM,MISSING_VALUE,Synthetic data-quality event generated for pipeline testing.,OPEN
DQ-000327,PAI-04798,LOW,MISSING_VALUE,Synthetic data-quality event generated for pipeline testing.,OPEN
DQ-000328,PAI-04808,LOW,SCHEMA_CHECK,Synthetic data-quality event generated for pipeline testing.,OPEN
DQ-000329,PAI-04810,LOW,MISSING_VALUE,Synthetic data-quality event generated for pipeline testing.,OPEN
DQ-000330,PAI-04816,HIGH,MISSING_VALUE,Synthetic data-quality event generated for pipeline testing.,OPEN
DQ-000331,PAI-04817,HIGH,MISSING_VALUE,Synthetic data-quality event generated for pipeline testing.,OPEN
DQ-000332,PAI-04822,LOW,MISSING_VALUE,Synthetic data-quality event generated for pipeline testing.,OPEN
DQ-000333,PAI-04828,HIGH,SUSPICIOUS_OUTLIER,Synthetic data-quality event generated for pipeline testing.,OPEN
DQ-000334,PAI-04858,MEDIUM,MISSING_VALUE,Synthetic data-quality event generated for pipeline testing.,OPEN
DQ-000335,PAI-04863,LOW,MISSING_VALUE,Synthetic data-quality event generated for pipeline testing.,OPEN
DQ-000336,PAI-04878,MEDIUM,SCHEMA_CHECK,Synthetic data-quality event generated for pipeline testing.,OPEN
DQ-000337,PAI-04884,HIGH,SUSPICIOUS_OUTLIER,Synthetic data-quality event generated for pipeline testing.,OPEN
DQ-000338,PAI-04937,LOW,SCHEMA_CHECK,Synthetic data-quality event generated for pipeline testing.,OPEN
DQ-000339,PAI-04944,LOW,SCHEMA_CHECK,Synthetic data-quality event generated for pipeline testing.,OPEN
DQ-000340,PAI-04954,MEDIUM,MISSING_VALUE,Synthetic data-quality event generated for pipeline testing.,OPEN
DQ-000341,PAI-04968,HIGH,MISSING_VALUE,Synthetic data-quality event generated for pipeline testing.,OPEN
DQ-000342,PAI-04970,LOW,MISSING_VALUE,Synthetic data-quality event generated for pipeline testing.,OPEN
DQ-000343,PAI-04972,HIGH,SCHEMA_CHECK,Synthetic data-quality event generated for pipeline testing.,OPEN
